tour,calendar_year,date,event_name,event_id,sg_categories,traditional_stats
pga,2023,2023-06-11,RBC Canadian Open,32,yes,yes
kor,2023,2023-06-11,The 66th KPGA Championship with A-ONE CC,10013,no,no
kft,2023,2023-06-11,BMW Charity Pro-Am presented by TD SYNNEX,37,no,no
jpn,2023,2023-06-11,ASO IIZUKA Challenged Golf Tournament,10011,no,no
euro,2023,2023-06-11,Volvo Car Scandinavian Mixed,2023126,no,no
champ,2023,2023-06-11,American Family Insurance Championship,622,no,no
cha,2023,2023-06-11,Andalucía Challenge de Cádiz,2023308,no,no
atgt,2023,2023-06-11,Singha Chiang Mai Open,10012,no,no
alp,2023,2023-06-10,Croara Alps Open,10008,no,no
atvt,2023,2023-06-09,Landic Challenge 10,10004,no,no
pga,2023,2023-06-04,the Memorial Tournament presented by Workday,23,yes,yes
sam,2023,2023-06-04,Inter Rapidisimo Golf Championship presentado por Volvo,59,no,no
alp,2023,2023-06-04,Open de la Mirabelle d'Or,9996,no,no
cha,2023,2023-06-04,D+D Real Czech Challenge,2023307,no,no
champ,2023,2023-06-04,Principal Charity Classic,608,no,no
chn,2023,2023-06-04,Zhengzhou Open,10001,no,no
euro,2023,2023-06-04,Porsche European Open,2023125,no,no
jpn,2023,2023-06-04,BMW Japan Golf Tour Championship Mori Building Cup,10000,no,no
kft,2023,2023-06-04,UNC Health Championship presented by STITCH,48,no,no
ngl,2023,2023-06-02,UNICEF Championship,9992,no,no
afr,2023,2023-06-02,SunBet Challenge hosted by Sun City,9993,no,no
pgt,2023,2023-05-31,Riedhof Open,9991,no,no
sam,2023,2023-05-28,Colombia Classic presentado por Rocha Brothers,11,no,no
pga,2023,2023-05-28,Charles Schwab Challenge,21,yes,yes
jpn,2023,2023-05-28,Gate Way To The Open Mizuno Open,9984,no,no
kft,2023,2023-05-28,Visit Knoxville Open,11,no,no
euro,2023,2023-05-28,KLM Open,2023124,no,no
chn,2023,2023-05-28,Exciting Hangzhou West Lake Open,9986,no,no
champ,2023,2023-05-28,KitchenAid Senior PGA Championship,520,no,no
cha,2023,2023-05-28,Copenhagen Challenge presented by Ejner Hessel,2023306,no,no
afr,2023,2023-05-28,KitKat Cash & Carry Pro-am,9989,no,no
adt,2023,2023-05-28,Singha Laguna Phuket Open,9987,no,no
kor,2023,2023-05-28,KB Finance LIIV Championship,9988,no,no
liv,2023,2023-05-28,DC,15,no,basic
alp,2023,2023-05-26,Memorial Giorgio Bordoni by AON,9979,no,no
atvt,2023,2023-05-26,Taiheiyo Club Challenge Tournament,9985,no,no
ngl,2023,2023-05-25,Gamle Fredrikstad Open,9980,no,no
pga,2023,2023-05-21,PGA Championship,33,yes,yes
kft,2023,2023-05-21,AdventHealth Championship,100,no,no
jpn,2023,2023-05-21,Golf Partner Pro - Am Tournament,9972,no,no
kor,2023,2023-05-21,SK Telecom Open,9974,no,no
chn,2023,2023-05-21,Jinan Open,9973,no,no
cha,2023,2023-05-21,B-NL Challenge Trophy,2023305,no,no
afr,2023,2023-05-21,Zanaco Masters,9975,no,no
mex,2023,2023-05-20,Altozano Open,9976,no,no
ngl,2023,2023-05-18,Stora Hotellet Fjällbacka Open,9970,no,no
champ,2023,2023-05-14,Regions Tradition,558,no,no
chn,2023,2023-05-14,Guangdong Open,9966,no,no
kor,2023,2023-05-14,Woori Financial Group Championship,9967,no,no
pga,2023,2023-05-14,AT&T Byron Nelson,19,yes,yes
euro,2023,2023-05-14,Soudal Open,2023122,no,no
liv,2023,2023-05-14,Tulsa,14,no,basic
alp,2023,2023-05-13,31st Goesser Open,9962,no,no
ngl,2023,2023-05-12,Skåne Challenge by Ahlsell,9963,no,no
atvt,2023,2023-05-12,JAPAN PLAYERS CHAMPIONSHIP CHALLENGE in FUKUI,9965,no,no
euro,2023,2023-05-07,DS Automobiles Italian Open,2023117,no,no
anz,2023,2023-05-07,PNG Open,9959,no,no
sam,2023,2023-05-07,KIA Open,22,no,no
champ,2023,2023-05-07,Mitsubishi Electric Classic,15,no,no
cha,2023,2023-05-07,UAE Challenge,2023328,no,no
asa,2023,2023-05-07,The 42nd GS Caltex Maekyung Open Golf Championship,9958,no,no
pga,2023,2023-05-07,Wells Fargo Championship,480,yes,yes
afr,2023,2023-05-07,FBC Zim Open,9960,no,no
ngl,2023,2023-05-05,Golfkusten Blekinge by Scandic Hotels,9955,no,no
kft,2023,2023-04-30,HomeTown Lenders Championship,134,no,no
euro,2023,2023-04-30,Korea Championship Presented by Genesis,2023121,no,no
pga,2023,2023-04-30,Mexico Open at Vidanta,540,yes,yes
cha,2023,2023-04-30,Abu Dhabi Challenge,2023327,no,no
liv,2023,2023-04-30,Singapore,13,no,basic
champ,2023,2023-04-30,Insperity Invitational,615,no,no
jpn,2023,2023-04-30,The Crowns,9950,no,no
sam,2023,2023-04-30,Diners Club Peru Open,8,no,no
ngl,2023,2023-04-28,Bravo Tours Open by Enjoy Resorts,9945,no,no
pgt,2023,2023-04-28,Haugschlag NÖ Open by perfect eagle,9946,no,no
mgt,2023,2023-04-27,Royal Hua Hin Thailand Championship by MENA Tour,9951,no,no
kor,2023,2023-04-23,Golfzon OPEN In Jeju,9939,no,no
euro,2023,2023-04-23,ISPS HANDA - CHAMPIONSHIP,2023120,no,no
kft,2023,2023-04-23,LECOM Suncoast Classic,129,no,no
afr,2023,2023-04-23,The Tour Championship,9940,no,no
liv,2023,2023-04-23,Adelaide,12,no,basic
atgt,2023,2023-04-23,Singha Classic,9938,no,no
pga,2023,2023-04-23,Zurich Classic of New Orleans,18,yes,basic
champ,2023,2023-04-23,Invited Celebrity Classic,53,no,no
alp,2023,2023-04-22,Alps de Las Castillas,9934,no,no
pgti,2023,2023-04-22,Ahmedabad Open Golf Championship presented by Glade One,9937,no,no
atvt,2023,2023-04-21,i Golf Shaper Challenge in Chikushigaoka,9936,no,no
mgt,2023,2023-04-20,"Malaysian Swing II, The Els Club, Desaru Coast",9942,no,no
ngl,2023,2023-04-19,Sand Valley Spring Series Final - by ECCO,9952,no,no
jpn,2023,2023-04-16,Kansai Open Golf Championship,9925,no,no
kft,2023,2023-04-16,Veritex Bank Championship,137,no,no
kor,2023,2023-04-16,The 18th DB Insurance Promy Open,9927,no,no
afr,2023,2023-04-16,Stella Artois Players Championship,9928,no,no
asa,2023,2023-04-16,International Series Vietnam,9926,no,no
pga,2023,2023-04-16,RBC Heritage,12,yes,yes
pgti,2023,2023-04-15,Tata Steel PGTI Players Championship presented by Chandigarh Golf Club,9932,no,no
ngl,2023,2023-04-15,GEBWELL Championship,9922,no,no
mex,2023,2023-04-15,Abierto De Aguascalientes,9930,no,no
mgt,2023,2023-04-13,"Malaysian Swing I, The Els Club, Desaru Coast",9929,no,no
ngl,2023,2023-04-11,Sand Valley Polish Masters - by Upgame,9921,no,no
pgt,2023,2023-04-11,EINBAY Red Sea Open,9931,no,no
pga,2023,2023-04-09,Masters Tournament,14,yes,yes
pgti,2023,2023-04-07,Delhi-NCR Open,9920,no,no
atvt,2023,2023-04-07,Novil Cup,9919,no,no
pgt,2023,2023-04-06,Little Venice Red Sea Open,9918,no,no
sam,2023,2023-04-02,JHSF Aberto do Brasil,6,no,no
jpn,2023,2023-04-02,Token Homemate Cup,9914,no,no
kft,2023,2023-04-02,Astara Chile Classic,167,no,no
afr,2023,2023-04-02,Limpopo Championship,9916,no,no
liv,2023,2023-04-02,Orlando,11,no,basic
pga,2023,2023-04-02,Valero Texas Open,41,yes,yes
anz,2023,2023-04-02,The National Tournament Presented by BMW,9915,no,no
cha,2023,2023-03-31,The Challenge presented by KGA,2023326,no,no
euro,2023,2023-03-26,Jonsson Workwear Open,2023119,no,no
cha,2023,2023-03-26,Duncan Taylor Black Bull Challenge,2023325,no,no
sam,2023,2023-03-26,Roberto de Vicenzo Memorial 100 Years,61,no,no
champ,2023,2023-03-26,The Galleri Classic,56,no,no
pgt,2023,2023-03-26,Red Sea Egyptian Classic,9909,no,no
pga,2023,2023-03-26,Corales Puntacana Championship,522,no,basic
kft,2023,2023-03-26,Club Car Championship at The Landings Golf & Athletic Club,128,no,no
asa,2023,2023-03-26,World City Championship presented by Hong Kong Golf Club,9905,no,no
champ,2023,2023-03-19,Hoag Classic,573,no,no
pga,2023,2023-03-19,Valspar Championship,475,yes,yes
atgt,2023,2023-03-19,Singha all Thailand Memorial,9899,no,no
sam,2023,2023-03-19,Termas de Rio Hondo Invitational,42,no,no
asa,2023,2023-03-19,The DGC Open,9897,no,no
liv,2023,2023-03-19,Tucson,10,no,basic
euro,2023,2023-03-19,SDC Championship,2023118,no,no
anz,2023,2023-03-19,Play Today NSW Open,9900,no,no
pgt,2023,2023-03-16,Red Sea Ain Sokhna Classic,9901,no,no
pga,2023,2023-03-12,THE PLAYERS Championship,11,yes,yes
afr,2023,2023-03-12,Mediclinic Invitational,9894,no,no
euro,2023,2023-03-12,Magical Kenya Open,2023114,no,no
asa,2023,2023-03-12, International Series Thailand,9892,no,no
anz,2023,2023-03-12,NZ PGA Championship,9893,no,no
pga,2023,2023-03-05,Arnold Palmer Invitational presented by Mastercard,9,yes,yes
champ,2023,2023-03-05,Cologuard Classic,18,no,no
pga,2023,2023-03-05,Puerto Rico Open,483,no,basic
anz,2023,2023-03-05,102nd NZ Open Presented by Sky Sport,9885,no,no
ngl,2023,2023-03-04,Camiral Golf & Wellness Championship,9888,no,no
pgti,2023,2023-03-04,Gujarat Open Golf Championship 2023 presented by Gujarat Tourism,9886,no,no
mex,2023,2023-03-04,V Copa Prissa,9887,no,no
alp,2023,2023-02-28,Red Sea Little Venice Open,9884,no,no
ngl,2023,2023-02-28,ECCO Tour Spanish Masters,9889,no,no
anz,2023,2023-02-26,"TPS Hunter Valley, Hosted by Jan Stephenson & Peter O'Malley",9881,no,no
atgt,2023,2023-02-26,Singha E-San Open,9880,no,no
pga,2023,2023-02-26,The Honda Classic,10,yes,yes
liv,2023,2023-02-26,Mayakoba,9,no,no
euro,2023,2023-02-26,Hero Indian Open,2023112,no,no
cha,2023,2023-02-26,Nelson Mandela Bay Championship,2023303,no,no
alp,2023,2023-02-23,Ein Bay Open,9877,no,no
ngl,2023,2023-02-23, GolfStar Winter Series II,9878,no,no
euro,2023,2023-02-19,Thailand Classic,2023111,no,no
asa,2023,2023-02-19,International Series Qatar,9872,no,no
ngl,2023,2023-02-19,GolfStar Winter Series I,9874,no,no
pga,2023,2023-02-19,The Genesis Invitational,7,yes,yes
champ,2023,2023-02-19,Chubb Classic,552,no,no
anz,2023,2023-02-19,"TPS Sydney, Presented by Webex, Hosted by Braith Anasta",9873,no,no
cha,2023,2023-02-19,SDC Open,2023302,no,no
cha,2023,2023-02-12,Dimension Data Pro-Am,2023301,no,no
asa,2023,2023-02-12,International Series Oman,9863,no,no
kft,2023,2023-02-12,Astara Golf Championship presented by Mastercard,104,no,no
anz,2023,2023-02-12,Vic Open,9865,no,no
euro,2023,2023-02-12,Singapore Classic,2023110,no,no
pga,2023,2023-02-12,WM Phoenix Open,3,yes,yes
champ,2023,2023-02-11,Trophy Hassan II,624,no,no
mex,2023,2023-02-11,Tabachines Classic,9867,no,no
pgti,2023,2023-02-10,Tata Steel PGTI Players Championship presented by Tollygunge Club,9864,no,no
mgt,2023,2023-02-07,Egyptian Swing 2 at Madinaty Golf Club,9866,no,no
anz,2023,2023-02-05,TPS Murray River in honour of Jarrod Lyle,9857,no,no
cha,2023,2023-02-05,Bain's Whisky Cape Town Open,2023300,no,no
euro,2023,2023-02-05,Ras Al Khaimah Championship,2023109,no,no
pga,2023,2023-02-05,AT&T Pebble Beach Pro-Am,5,partial,partial
asa,2023,2023-02-05,PIF Saudi International powered by Softbank Investment Advisers,9856,no,no
kft,2023,2023-02-05,The Panama Championship,84,no,no
mgt,2023,2023-02-02,Egyptian Swing 1 at Madinaty Golf Club,9858,no,no
anz,2023,2023-01-29,TPS Victoria Hosted by Geoff Ogilvy,9849,no,no
mex,2023,2023-01-29,El Campanario Classic,9850,no,no
atgt,2023,2023-01-29,9th Boonchu Ruangkit Championship,9848,no,no
euro,2023,2023-01-29,Hero Dubai Desert Classic,2023108,no,no
pga,2023,2023-01-28,Farmers Insurance Open,4,partial,partial
kft,2023,2023-01-25,The Bahamas Great Abaco Classic at The Abaco Club,125,no,no
pga,2023,2023-01-22,The American Express,2,partial,partial
euro,2023,2023-01-22,Abu Dhabi HSBC Championship,2023107,no,no
champ,2023,2023-01-21,Mitsubishi Electric Championship at Hualalai,524,no,no
kft,2023,2023-01-18,The Bahamas Great Exuma Classic at Sandals Emerald Bay,124,no,no
pga,2023,2023-01-15,Sony Open in Hawaii,6,yes,yes
pga,2023,2023-01-08,Sentry Tournament of Champions,16,yes,yes
adt,2022,2022-12-25,Taifong Open,9838,no,no
chn,2022,2022-12-25,Chongqing Open,9839,no,no
pgti,2022,2022-12-24,Tata Steel Tour Championship,9837,no,no
sam,2022,2022-12-18,Scotia Wealth Management Chile Open presented by Volvo,16,no,no
euro,2022,2022-12-18,AfrAsia Bank Mauritius Open,2023105,no,no
pgti,2022,2022-12-17,SSP Chawrasia Invitational presented by TAKE,9836,no,no
chn,2022,2022-12-17,CGA Championship,9835,no,no
adt,2022,2022-12-16,Aramco Invitational,9834,no,no
euro,2022,2022-12-11,Alfred Dunhill Championship,2023104,no,no
anz,2022,2022-12-11,Gippsland Super 6,9830,no,no
chn,2022,2022-12-11,Hainan Open,9828,no,no
sam,2022,2022-12-11,Neuquen Argentina Classic,12,no,no
adt,2022,2022-12-10,PIF Saudi Open,9829,no,no
mgt,2022,2022-12-05,MENA Tour Tournament 4,9825,no,no
jpn,2022,2022-12-04,Golf Nippon Series JT Cup ,9815,no,no
euro,2022,2022-12-04,Investec South African Open Championship,2023103,no,no
euro,2022,2022-12-04,ISPS Handa Australian Open,2023102,no,no
asa,2022,2022-12-04,BNI Indonesian Masters presented by Tunas Niaga Energi,9817,no,no
sam,2022,2022-12-04,116 VISA Argentina Open presentado por Macro,13,no,no
pga,2022,2022-12-04,Hero World Challenge,478,no,basic
chn,2022,2022-12-04,Mitsubishi Electric Open,9816,no,no
mgt,2022,2022-11-30,MENA Tour Tournament 3,9820,no,no
euro,2022,2022-11-27,Fortinet Australian PGA Championship,2023100,no,no
asa,2022,2022-11-27,Bangabandhu Cup Golf Bangladesh Open,9809,no,no
jpn,2022,2022-11-27,Casio World Open Golf Tournament,9808,no,no
pgti,2022,2022-11-27,Dream Valley Group presents Vooty Masters,9811,no,no
euro,2022,2022-11-27,Joburg Open,2023101,no,no
adt,2022,2022-11-26,Selangor Masters,9810,no,no
atgt,2022,2022-11-20,23rd Singha Thailand Masters,9805,no,no
euro,2022,2022-11-20,DP World Tour Championship,2022143,no,no
jpn,2022,2022-11-20,Dunlop Phoenix Tournament,9802,no,no
anz,2022,2022-11-20,QLD PGA Championship,9806,no,no
pga,2022,2022-11-20,The RSM Classic,493,partial,partial
pgti,2022,2022-11-19, IndianOil Servo Masters Golf,9804,no,no
bet,2022,2022-11-17,Altron Big Easy Tour Final,9807,no,no
euro,2022,2022-11-13,Nedbank Golf Challenge,2022145,no,no
kor,2022,2022-11-13,LG Signature Players Championship,9796,no,no
asa,2022,2022-11-13,International Series Egypt,9794,no,no
anz,2022,2022-11-13, Victorian PGA Championship,9797,no,no
jpn,2022,2022-11-13,Mitsui Sumitomo VISA Taiheiyo Masters,9792,no,no
pga,2022,2022-11-13,Cadence Bank Houston Open,20,yes,yes
champ,2022,2022-11-13,Charles Schwab Cup Championship,539,no,no
chn,2022,2022-11-13,Hengdian Championship,9793,no,no
pgti,2022,2022-11-12,Ira presents Telangana Masters powered by Telangana Tourism,9795,no,no
champ,2022,2022-11-06,TimberTech Championship,9,no,no
asa,2022,2022-11-06,International Series Morocco,9786,no,no
afr,2022,2022-11-06,PGA Championship,9788,no,no
cha,2022,2022-11-06,Rolex Challenge Tour Grand Final supported by The R&A,2022330,no,no
kor,2022,2022-11-06,Golfzone-Toray Open,9789,no,no
pga,2022,2022-11-06,World Wide Technology Championship at Mayakoba,457,no,basic
jpn,2022,2022-11-06,Mynavi ABC Championship,9787,no,no
afr,2022,2022-10-30,Vodacom Origins of Golf Final,9783,no,no
pga,2022,2022-10-30,Butterfield Bermuda Championship,528,no,basic
liv,2022,2022-10-30,Miami (Team Final—Stroke Play),8,no,basic
euro,2022,2022-10-30,Portugal Masters,2022156,no,no
jpn,2022,2022-10-30,Heiwa PGM Championship,9782,no,no
anz,2022,2022-10-23,WA Open Golf Championship,9778,no,no
pga,2022,2022-10-23,THE CJ CUP in South Carolina,521,yes,yes
euro,2022,2022-10-23,Mallorca Golf Open,2022140,no,no
champ,2022,2022-10-23,Dominion Energy Charity Classic,623,no,no
jpn,2022,2022-10-23,Japan Open Golf Championship,9776,no,no
pgti,2022,2022-10-22,Pune Open Golf Championship,9777,no,no
ngl,2022,2022-10-21,Sydbank Road to Europe Final - by Møn Golfresort,9774,no,no
ept,2022,2022-10-21,The Matchroom Tour Championship ,9773,no,no
afr,2022,2022-10-21,SunBet Challenge hosted by Sun Sibaya,9779,no,no
euro,2022,2022-10-16,Estrella Damm N.A. Andalucía  Masters,2022139,no,no
anz,2022,2022-10-16,CKB WA PGA Championship presented by TX Civil & Logistics,9770,no,no
pgti,2022,2022-10-16,Jeev Milkha Singh Invitational presented by TAKE,9768,no,no
atgt,2022,2022-10-16,Singha Bangkok Open,9769,no,no
pga,2022,2022-10-16,ZOZO CHAMPIONSHIP,527,no,basic
cha,2022,2022-10-16,English Trophy presented by Rocket Yard Sports Marketing,2022324,no,no
champ,2022,2022-10-16,SAS Championship,609,no,no
liv,2022,2022-10-16,Jeddah,7,no,basic
ngl,2022,2022-10-14,MoreGolf Mastercard Tour Final at PGA Sweden National,9765,no,no
atvt,2022,2022-10-14,Delight Works JGTO FINAL ,9767,no,no
pga,2022,2022-10-09,Shriners Children's Open,47,yes,yes
cha,2022,2022-10-09,British Challenge presented by Modest! Golf Management ,2022341,no,no
jpn,2022,2022-10-09,For The Players By The Players,9757,no,no
champ,2022,2022-10-09,Constellation FURYK & FRIENDS,44,no,no
kor,2022,2022-10-09,Genesis Championship,9760,no,no
liv,2022,2022-10-09,Bangkok,6,no,basic
euro,2022,2022-10-09,acciona Open de España presented by Madrid,2022138,no,no
afr,2022,2022-10-09,Fortress Invitational,9761,no,no
alp,2022,2022-10-08,Emilia Romagna Alps Tour Grand Final,9754,no,no
ngl,2022,2022-10-07,Race to HimmerLand by FREJA,9755,no,no
atvt,2022,2022-10-07,Ryo Ishikawa everyone PROJECT Challenge,9758,no,no
pgti,2022,2022-10-07,Players Championship presented by American Express hosted by Govt of Haryana & Panchkula Golf Club,9759,no,no
bet,2022,2022-10-06,Altron Big Easy Tour Play Off,9762,no,no
euro,2022,2022-10-02,Alfred Dunhill Links Championship,2022137,no,no
asa,2022,2022-10-02,Mercuries Taiwan Masters,9748,no,no
pga,2022,2022-10-02,Sanderson Farms Championship,54,yes,yes
kor,2022,2022-10-02,Hyundai Insurance KJ Choi Invitational,9750,no,no
cha,2022,2022-10-02,Hopps Open de Provence,2022327,no,no
jpn,2022,2022-10-02,Vantelin Tokai Classic,9745,no,no
afr,2022,2022-10-01,Vodacom Origins of Golf,9751,no,no
alp,2022,2022-09-30,Castelconturbia Alps Open,9741,no,no
pgti,2022,2022-09-30,Kapil Dev - Grant Thornton Invitational 2022 presented by DLF,9749,no,no
atvt,2022,2022-09-30,Elite grips challenge,9746,no,no
ngl,2022,2022-09-29,Gumbalde Open by Destination Gotland,9742,no,no
pgt,2022,2022-09-28,Castanea Resort Championship,9743,no,no
cha,2022,2022-09-25,Swiss Challenge,2022326,no,no
euro,2022,2022-09-25,Cazoo Open de France,2022136,no,no
kor,2022,2022-09-25,DGB Financial Group Open,9737,no,no
champ,2022,2022-09-25,PURE Insurance Championship,616,no,no
jpn,2022,2022-09-25,Panasonic Open Golf Championship,9733,no,no
asa,2022,2022-09-25,Yeangder TPC,9735,no,no
ngl,2022,2022-09-23,Great Northern Challenge,9732,no,no
adt,2022,2022-09-23,Combiphar Players Championship,9736,no,no
afr,2022,2022-09-23,SunBet Challenge hosted by Wild Coast Sun,9738,no,no
atvt,2022,2022-09-23,ISPS HANDA Hero ni nare! Challenge Tournament,9734,no,no
ept,2022,2022-09-23,Wright-Morgan Championship,9731,no,no
liv,2022,2022-09-18,Chicago,5,no,basic
kor,2022,2022-09-18,Bizplay-Electronic Times Open,9726,no,no
champ,2022,2022-09-18,Sanford International,23,no,no
pga,2022,2022-09-18,Fortinet Championship,464,yes,yes
jpn,2022,2022-09-18,ANA Open Golf Tournament,9722,no,no
can,2022,2022-09-18,Fortinet Cup Championship,10,no,no
cha,2022,2022-09-18,Open de Portugal at Royal Óbidos,2022325,no,no
euro,2022,2022-09-18,DS Automobiles Italian Open,2022135,no,no
pgti,2022,2022-09-17,Rajasthan Tourism presents Jaipur Open 2022 powered by AU Small Finance Bank,9725,no,no
afr,2022,2022-09-17,Vodacom Origins of Golf,9727,no,no
adt,2022,2022-09-16,OB Golf Invitational presented by Jababeka,9724,no,no
ept,2022,2022-09-16,The Eagle Orchid Scottish Masters,9718,no,no
atvt,2022,2022-09-16,PGM Challenge,9723,no,no
ngl,2022,2022-09-16,TRUST Forsikring Championship,9719,no,no
champ,2022,2022-09-11,Ascension Charity Classic,625,no,no
euro,2022,2022-09-11,BMW PGA Championship,2022134,no,no
asa,2022,2022-09-11,The 38th Shinhan Donghae Open,9713,no,no
pgti,2022,2022-09-10,J&K Open 2022 presented by J&K Tourism,9714,no,no
afr,2022,2022-09-10,Gary & Vivienne Player Challenge,9715,no,no
ept,2022,2022-09-09,Spey Valley Golf Resort,9711,no,no
ngl,2022,2022-09-09,BMW Onsjö Open,9712,no,no
can,2022,2022-09-04,GolfBC Championship,39,no,no
cha,2022,2022-09-04,B-NL Challenge Trophy by Hulencourt,2022323,no,no
kor,2022,2022-09-04,LX CHAMPIONSHIP,9706,no,no
liv,2022,2022-09-04,Boston,4,no,basic
kft,2022,2022-09-04,Korn Ferry Tour Championship presented by United Leasing & Finance,45,no,no
euro,2022,2022-09-04,Made in HimmerLand,2022133,no,no
jpn,2022,2022-09-04,Fujisankei Classic,9703,no,no
atgt,2022,2022-09-04,50th Thailand Open,9702,no,no
pgt,2022,2022-09-03,FaberExposize Gelpenberg Open,9708,no,no
atvt,2022,2022-09-03,DUNLOP PHOENIX tournament challenge in Fukushima,9704,no,no
adt,2022,2022-09-02,BRG Open Golf Championship,9705,no,no
ngl,2022,2022-09-02,Greatdays Trophy,9707,no,no
bet,2022,2022-09-01,Altron Big Easy Tour 8,9697,no,no
euro,2022,2022-08-28,Omega European Masters,2022132,no,no
kor,2022,2022-08-28,Bodyfriend Phantom Rovo Gunsan CC Open,9686,no,no
cha,2022,2022-08-28,Indoor Golf Group Challenge,2022322,no,no
pgt,2022,2022-08-28,ALTEPRO Trophy 2022 by EXTEC,9679,no,no
jpn,2022,2022-08-28,Sansan KBC Augusta,9682,no,no
can,2022,2022-08-28,CRMC Championship presented by Gertens,53,no,no
pga,2022,2022-08-28,TOUR Championship,60,yes,yes
kft,2022,2022-08-28,Nationwide Children's Hospital Championship,94,no,no
champ,2022,2022-08-28,The Ally Challenge,22,no,no
adt,2022,2022-08-27,BNI Ciputra Golfpreneur Tournament ADT 2022,9684,no,no
afr,2022,2022-08-27,Vodacom Origins of Golf Highland Gate,9685,no,no
ept,2022,2022-08-26,The Northern Ireland Masters,9678,no,no
pgti,2022,2022-08-26,IMPIGER TECHNOLOGIES presents CHENNAI OPEN GOLF CHAMPIONSHIP 2022 powered by FRUITNIK ELECTRO+,9683,no,no
kft,2022,2022-08-21,Albertsons Boise Open presented by Chevron,27,no,no
jpn,2022,2022-08-21,Shigeo Nagashima INVITATIONAL Sega Sammy Cup,9667,no,no
chn,2022,2022-08-21,Shenyang International Open,9671,no,no
can,2022,2022-08-21,CentrePort Canada Rail Park Manitoba Open,6,no,no
euro,2022,2022-08-21,D+D Real Czech Masters,2022131,no,no
pga,2022,2022-08-21,BMW Championship,28,yes,yes
asa,2022,2022-08-21,International Series Korea,9669,no,no
champ,2022,2022-08-21,DICK'S Sporting Goods Open,8,no,no
cha,2022,2022-08-21,Dormy Open,2022321,no,no
atgt,2022,2022-08-21,Singha Chiang Mai Open ,9668,no,no
pgti,2022,2022-08-20,TATA Steel PGTI Players Championship 2022 presented by KGISL,9674,no,no
ngl,2022,2022-08-20,Esbjerg Open by Totalenergies,9672,no,no
afr,2022,2022-08-19,SunBet Challenge hosted by Time Square Casino,9673,no,no
adt,2022,2022-08-19,The 2nd Gunung Geulis Golf Invitational supported by Nomura,9670,no,no
pga,2022,2022-08-14,FedEx St. Jude Championship,27,yes,yes
asa,2022,2022-08-14,International Series Singapore,9656,no,no
kft,2022,2022-08-14,Pinnacle Bank Championship presented by Aetna,123,no,no
kor,2022,2022-08-14,The 4th Woosung Construction Open,9654,no,no
champ,2022,2022-08-14,Boeing Classic,619,no,no
cha,2022,2022-08-14,Frederikshavn Challenge - Presented by HESSEL,2022320,no,no
euro,2022,2022-08-14,ISPS Handa World Invitational presented by AVIV Clinics,2022130,no,no
ngl,2022,2022-08-13,Timberwise Finnish Open,9658,no,no
ept,2022,2022-08-12,The Lancer Scott Championship,9657,no,no
pgt,2022,2022-08-10,Richter+Frenzel Open 2022 ,9659,no,no
can,2022,2022-08-07,Quebec Open,44,no,no
jpn,2022,2022-08-07,Japan PGA Championship 2022,9640,no,no
ngl,2022,2022-08-07,Göteborg Open presented by Enkla Elbolaget,9646,no,no
euro,2022,2022-08-07,Cazoo Open supported by Gareth Bale,2022129,no,no
afr,2022,2022-08-07,Vodacom Origins of Golf,9647,no,no
kft,2022,2022-08-07,Utah Championship presented by Zions Bank,26,no,no
asa,2022,2022-08-07,Mandiri Indonesia Open 2022,9642,no,no
champ,2022,2022-08-07,Shaw Charity Classic,17,no,no
cha,2022,2022-08-07,Vierumäki Finnish Challenge,2022319,no,no
ept,2022,2022-08-07,The Dell Technologies Championship,9645,no,no
pga,2022,2022-08-07,Wyndham Championship,13,yes,yes
cha,2022,2022-07-31,Irish Challenge,2022318,no,no
afr,2022,2022-07-31,FNB Eswatini Nkonyeni Challenge,9637,no,no
euro,2022,2022-07-31,Hero Open,2022128,no,no
ngl,2022,2022-07-31,Holtsmark Open,9635,no,no
can,2022,2022-07-31,Sotheby's International Realty Canada Ontario Open,54,no,no
pga,2022,2022-07-31,Rocket Mortgage Classic,524,yes,yes
atvt,2022,2022-07-31,Minami Akita Country Club Michinoku Challenge Tournament,9636,no,no
atgt,2022,2022-07-31,Singha Championship 2022,9633,no,no
ept,2022,2022-07-31,The Q Hotels Collection Championship,9634,no,no
liv,2022,2022-07-31,Bedminster,3,no,basic
can,2022,2022-07-24,Osprey Valley Open presented by Votorantim Cimentos CBM Aggregates,48,no,no
euro,2022,2022-07-24,Cazoo Classic,2022127,no,no
alp,2022,2022-07-24,Roma Alps Open 2022,9626,no,no
pga,2022,2022-07-24,3M Open,525,yes,yes
atgt,2022,2022-07-24,Singha Pattaya Open 2022,9625,no,no
atvt,2022,2022-07-24,JAPAN PLAYERS CHAMPIONSHIP CHALLENGE in FUKUI 2022,9628,no,no
cha,2022,2022-07-24,Big Green Egg German Challenge powered by VcG,2022317,no,no
kft,2022,2022-07-24,Price Cutter Charity Championship presented by Dr Pepper,22,no,no
ept,2022,2022-07-24,GLAL.UK Worcestershire Masters,9627,no,no
champ,2022,2022-07-24,The Senior Open Championship presented by Rolex,614,no,no
bet,2022,2022-07-17,Altron Big Easy Tour 7,9619,no,no
pga,2022,2022-07-17,The Open Championship,100,yes,yes
pga,2022,2022-07-17,Barracuda Championship,472,no,basic
pgt,2022,2022-07-17,Weihenstephan Open 2022,9618,no,no
ept,2022,2022-07-17,CPG Classic - England & Wales Blind Golf,9617,no,no
cha,2022,2022-07-17,Euram Bank Open,2022316,no,no
alp,2022,2022-07-17,Fred Olsen Alps de La Gomera 2022,9616,no,no
kft,2022,2022-07-17,Memorial Health Championship presented by LRS,122,no,no
pga,2022,2022-07-10,Barbasol Championship,518,yes,yes
bet,2022,2022-07-10,Altron Big Easy Tour 6,9609,no,no
alp,2022,2022-07-10,Alps de Las Castillas 2022,9607,no,no
cha,2022,2022-07-10,Le Vaudreuil Golf Challenge,2022315,no,no
chn,2022,2022-07-10,Hangzhou International Championship,9606,no,no
pga,2022,2022-07-10,Genesis Scottish Open,541,yes,yes
champ,2022,2022-07-10,Bridgestone SENIOR PLAYERS Championship,507,no,no
cha,2022,2022-07-03,Italian Challenge Open,2022314,no,no
alp,2022,2022-07-03,Hauts de France-Pas de Calais Golf Open 2022,9597,no,no
bet,2022,2022-07-03,Altron Big Easy Tour 5,9601,no,no
pgt,2022,2022-07-03,Raiffeisen Pro Golf Tour St. Pölten 2022,9600,no,no
kor,2022,2022-07-03,Asiad CC Busan Open,9595,no,no
euro,2022,2022-07-03,Horizon Irish Open,2022122,no,no
ngl,2022,2022-07-03,PGA Championship Landeryd Masters,9599,no,no
liv,2022,2022-07-03,Portland,2,no,basic
can,2022,2022-07-03,Prince Edward Island Open presented by IMP Solutions,52,no,no
pga,2022,2022-07-03,John Deere Classic,30,yes,yes
ept,2022,2022-07-03,The PDC Golf Championship,9598,no,no
kft,2022,2022-07-03,The Ascendant presented by Blue,130,no,no
sam,2022,2022-06-26,Bupa Tour Championship,57,no,no
ept,2022,2022-06-26,The Bendac Championship,9586,no,no
pgt,2022,2022-06-26,Gradi Polish Open 2022,9588,no,no
champ,2022,2022-06-26,U.S. Senior Open Championship,512,no,no
atvt,2022,2022-06-26,Daisendori Cup,9589,no,no
bet,2022,2022-06-26,Altron Big Easy Tour 4,9590,no,no
cha,2022,2022-06-26,Blot Open de Bretagne,2022313,no,no
atgt,2022,2022-06-26,Singha all Thailand Premier Championship 2022,9584,no,no
jpn,2022,2022-06-26,JAPAN PLAYERS CHAMPIONSHIP by Sato Shokuhin,9577,no,no
pga,2022,2022-06-26,Travelers Championship,34,yes,yes
kft,2022,2022-06-26,Live and Work in Maine Open,136,no,no
euro,2022,2022-06-26,BMW International Open,2022121,no,no
ngl,2022,2022-06-26,UNICEF Championship,9587,no,no
kor,2022,2022-06-26,Kolon The 64th Korea Open,9580,no,no
alp,2022,2022-06-26,Alps de Andalucia 2022,9585,no,no
adt,2022,2022-06-19,Indo Masters Golf Invitational presented by TNE,9567,no,no
kor,2022,2022-06-19,Hana Bank Invitational,9565,no,no
alp,2022,2022-06-19,Aravell Golf Open by Credit Andorra 2022,9568,no,no
pga,2022,2022-06-19,U.S. Open,26,yes,basic
cha,2022,2022-06-19,Kaskáda Golf Challenge,2022312,no,no
bet,2022,2022-06-19,Altron Big Easy Tour 3,9572,no,no
can,2022,2022-06-19,ATB Classic presented by Volvo Edmonton,3,no,no
atvt,2022,2022-06-19,Japan Create Challenge in FukuokaRaizan,9571,no,no
kft,2022,2022-06-19,Wichita Open Benefitting KU Wichita Pediatrics,23,no,no
ept,2022,2022-06-19,IFX Payments Championship,9569,no,no
ngl,2022,2022-06-19,Junet Open presented by Alexander Björk,9570,no,no
euro,2022,2022-06-12,Volvo Car Scandinavian Mixed,2022119,no,no
kft,2022,2022-06-12,BMW Charity Pro-Am presented by TD SYNNEX,37,no,no
alp,2022,2022-06-12,Open de la Mirabelle d'Or 2022,9558,no,no
sam,2022,2022-06-12,Fortox Colombia Classic,11,no,no
ept,2022,2022-06-12,The World Snooker & Jessie May Champs,9559,no,no
pga,2022,2022-06-12,RBC Canadian Open,32,yes,yes
kor,2022,2022-06-12,65TH KPGA CHAMPIONSHIP WITH A-ONE CC,9557,no,no
cha,2022,2022-06-12,Empordà Challenge,2022311,no,no
jpn,2022,2022-06-12,ASO IIZUKA Challenged Golf Tournament,9555,no,no
champ,2022,2022-06-12,American Family Insurance Championship,622,no,no
atvt,2022,2022-06-12,LANDIC CHALLENGE 9,9556,no,no
ngl,2022,2022-06-12,Thomas Bjorn Samso Classic - by Samso Festival,9560,no,no
bet,2022,2022-06-12,Altron Big Easy Tour 2 - Huddle Park Golf Club,9554,no,no
adt,2022,2022-06-12,OB Golf Invitational,9561,no,no
afr,2022,2022-06-12,KitKat Group PROAM,9553,no,no
liv,2022,2022-06-11,London,1,no,basic
afr,2022,2022-06-05,SunBet Challenge hosted by Sun City,9544,no,no
euro,2022,2022-06-05,Porsche European Open,2022118,no,no
sam,2022,2022-06-05,Volvo Golf Championship by Seguros del Estado,59,no,no
can,2022,2022-06-05,Royal Beach Victoria Open presented by Times Colonist,2,no,no
pga,2022,2022-06-05,the Memorial Tournament presented by Workday,23,yes,yes
ngl,2022,2022-06-05,Thisted Forsikring Championship,9546,no,no
asa,2022,2022-06-05,International Series England,9540,no,no
ept,2022,2022-06-05,The Ignis Management Championship,9545,no,no
champ,2022,2022-06-05,Principal Charity Classic,608,no,no
kor,2022,2022-06-05,SK Telecom Open 2022,9542,no,no
cha,2022,2022-06-05,D+D REAL Czech Challenge,2022310,no,no
jpn,2022,2022-06-05,BMW Japan Golf Tour Championship Mori Building Cup,9538,no,no
kft,2022,2022-06-05,REX Hospital Open,48,no,no
afr,2022,2022-05-29,Sishen Classic,9526,no,no
atvt,2022,2022-05-29,Taiheiyo Club Challenge Tournament,9535,no,no
champ,2022,2022-05-29,KitchenAid Senior PGA Championship,520,no,no
kor,2022,2022-05-29,KB FINANCE LIIV CHAMPIONSHIP,9528,no,no
alp,2022,2022-05-29,Memorial Giorgio Bordoni 2022,9531,no,no
jpn,2022,2022-05-29,Gate Way To The Open Mizuno Open,9524,no,no
atgt,2022,2022-05-29,Singha Laguna Phuket Open 2022,9530,no,no
ngl,2022,2022-05-29,Moss & Rygge Open,9533,no,no
euro,2022,2022-05-29,Dutch Open,2022117,no,no
kft,2022,2022-05-29,NV5 Invitational presented by Old National Bank,131,no,no
cha,2022,2022-05-29,Farmfoods Scottish Challenge supported by The R&A,2022309,no,no
pga,2022,2022-05-29,Charles Schwab Challenge,21,yes,yes
ept,2022,2022-05-29,Cubefunder Shootout,9532,no,no
mgt,2022,2022-05-22,Blue Canyon Open,9519,no,no
pga,2022,2022-05-22,PGA Championship,33,yes,yes
kft,2022,2022-05-22,AdventHealth Championship,100,no,no
ngl,2022,2022-05-22,Stora Hotellet Fjällbacka Open,9520,no,no
cha,2022,2022-05-22,Challenge de España ,2022307,no,no
jpn,2022,2022-05-22,Golf Partner Pro-Am Tournament 2022,9515,no,no
afr,2022,2022-05-22,FBC Zim Open,9517,no,no
champ,2022,2022-05-15,Regions Tradition,558,no,no
kft,2022,2022-05-15,Visit Knoxville Open,11,no,no
bet,2022,2022-05-15,Altron Big Easy Tour 1 - Blue Valley,9512,no,no
alp,2022,2022-05-15,30th Goesser Open 2022,9508,no,no
pga,2022,2022-05-15,AT&T Byron Nelson,19,yes,yes
afr,2022,2022-05-15,Lombard Insurance Classic,9513,no,no
ngl,2022,2022-05-15,Rewell Elisefarm Challenge,9509,no,no
asa,2022,2022-05-15,Asia Pacific Open Golf Championship Diamond Cup Golf,9505,no,no
euro,2022,2022-05-15,Soudal Open,2022115,no,no
kor,2022,2022-05-15,Woori Financial Group Championship,9507,no,no
adt,2022,2022-05-15,Laguna Phuket Cup,9510,no,no
adt,2022,2022-05-15,Blue Canyon Classic,9511,no,no
alp,2022,2022-05-08,Molinetto Alps Open 2022,9502,no,no
sam,2022,2022-05-08,Quito Open,22,no,no
anz,2022,2022-05-08,2021 Tailor-made Building Services NT PGA Championship,9500,no,no
kft,2022,2022-05-08,Simmons Bank Open for the Snedeker Foundation,120,no,no
ngl,2022,2022-05-08,Barncancerfonden Open presented by Ahlsell,9501,no,no
euro,2022,2022-05-08,Betfred British Masters hosted by Danny Willett,2022114,no,no
champ,2022,2022-05-08,Mitsubishi Electric Classic,15,no,no
pga,2022,2022-05-08,Wells Fargo Championship,480,yes,yes
mgt,2022,2022-05-08,Laguna Phuket Challenge,9499,no,no
kor,2022,2022-05-08,The 41st GS Caltex Maekyung Open,9496,no,no
champ,2022,2022-05-01,Insperity Invitational,615,no,no
atgt,2022,2022-05-01,Singha Classic 2022,9491,no,no
afr,2022,2022-05-01,The Tour Championship,9487,no,no
pgt,2022,2022-05-01,Haugschlag NÖ Open by perfect eagle 2022,9492,no,no
pga,2022,2022-05-01,Mexico Open at Vidanta,540,yes,yes
euro,2022,2022-05-01,Catalunya Championship,2022151,no,no
anz,2022,2022-05-01,2021 Nexus Advisernet WA Open,9490,no,no
ngl,2022,2022-05-01,Bravo Tours Open by Enjoy Resorts,9488,no,no
sam,2022,2022-05-01,Diners Club Peru Open presented by Volvo,8,no,no
jpn,2022,2022-05-01,The Crowns,9485,no,no
kft,2022,2022-05-01,Huntsville Championship,134,no,no
champ,2022,2022-04-24,ClubCorp Classic,53,no,no
sam,2022,2022-04-24,JHSF Aberto do Brasil,6,no,no
jpn,2022,2022-04-24,ISPS HANDA Championship in JAPAN,9476,no,no
pgt,2022,2022-04-24,Red Sea Egyptian Classic 2022,9481,no,no
euro,2022,2022-04-24,ISPS Handa Championship in Spain,2022149,no,no
pgti,2022,2022-04-24,Prometheus School presents Delhi-NCR Open 2022,9480,no,no
atvt,2022,2022-04-24,i Golf Shaper Challenge in Chikushigaoka,9482,no,no
anz,2022,2022-04-24,2021 CKB WA PGA Championship presented by TX Civil & Logistics,9479,no,no
afr,2022,2022-04-24,Stella Artois Players Championship,9477,no,no
pgti,2022,2022-04-17,TATA Steel PGTI Players Championship 2022 presented by Chandigarh Golf Club,9471,no,no
pga,2022,2022-04-17,RBC Heritage,12,yes,yes
pgt,2022,2022-04-17,Red Sea Ain Sokhna Classic 2022,9473,no,no
jpn,2022,2022-04-17,Kansai Open Golf Championship,9467,no,no
kor,2022,2022-04-17,17TH BD DAMAGE INSURANCE PROMY OPEN,9470,no,no
asa,2022,2022-04-17,Trust Golf Asian Mixed Stableford Challenge,9469,no,no
alp,2022,2022-04-17,Abruzzo Alps Open 2022,9472,no,no
kft,2022,2022-04-16,Veritex Bank Championship,137,no,no
pga,2022,2022-04-10,The Masters,14,yes,yes
atgt,2022,2022-04-10,Singha all Thailand Memorial 2022,9465,no,no
atvt,2022,2022-04-10,Novil Cup,9463,no,no
asa,2022,2022-04-10,Trust Golf Asian Mixed Cup,9462,no,no
anz,2022,2022-04-10,The National PGA Classic,9464,no,no
pga,2022,2022-04-03,Valero Texas Open,41,yes,yes
jpn,2022,2022-04-03,Token Homemate Cup 2022,9456,no,no
cha,2022,2022-04-03,Limpopo Championship,2022305,no,no
kft,2022,2022-04-03,Club Car Championship at The Landings Club,128,no,no
sam,2022,2022-04-03,90 Abierto del Centro memorial Eduardo Gato Romero ptdo por Telecom,15,no,no
pgti,2022,2022-04-03,Gurugram Challenge 2022 Tata Steel PGT-ADT hosted by Classic Golf & Country Club,9459,no,no
champ,2022,2022-04-03,Rapiscan Systems Classic,11,no,no
sam,2022,2022-03-27,Termas de Rio Hondo Invitational,42,no,no
kft,2022,2022-03-27,Lake Charles Championship,135,no,no
pgt,2022,2022-03-27,NewGiza Pyramids Challenge 2022,9454,no,no
asa,2022,2022-03-27,The DGC Open presented by Mastercard,9452,no,no
cha,2022,2022-03-27,SDC Open,2022303,no,no
pgt,2022,2022-03-27,Allegria Open 2022,9451,no,no
euro,2022,2022-03-27,Commercial Bank Qatar Masters,2022106,no,no
pga,2022,2022-03-27,Corales Puntacana Championship,522,no,basic
alp,2022,2022-03-27,Winter Series Golf Nazionale,9453,no,no
pgt,2022,2022-03-20,Dreamland Pyramids Classic 2022,9444,no,no
kft,2022,2022-03-20,Chitimacha Louisiana Open presented by MISTRAS,36,no,no
pga,2022,2022-03-20,Valspar Championship,475,yes,yes
anz,2022,2022-03-20,Golf Challenge NSW Open,9440,no,no
pgti,2022,2022-03-20,TATA Steel PGTI Players Championship 2022 presented by Tollygunge Club,9442,no,no
euro,2022,2022-03-20,Steyn City Championship,2022147,no,no
alp,2022,2022-03-20,Winter Series Terre dei Consoli,9443,no,no
euro,2022,2022-03-13,MyGolfLife Open hosted by Pecanwood,2022146,no,no
pgti,2022,2022-03-13,Mujib Borsho Chattogram Open 2022,9437,no,no
pga,2022,2022-03-13,THE PLAYERS Championship,11,yes,yes
anz,2022,2022-03-13,"TPS Hunter Valley, Hosted by Jan Stephenson & Peter O'Malley",9436,no,no
asa,2022,2022-03-06,International Series Thailand,9426,no,no
ngl,2022,2022-03-06,ECCO Tour Spanish Masters - by DAT,9431,no,no
euro,2022,2022-03-06,Magical Kenya Open,2022108,no,no
cha,2022,2022-03-06,Mangaung Open,2022304,no,no
pgti,2022,2022-03-06,Glade One Masters 2022,9429,no,no
anz,2022,2022-03-06,"TPS Sydney, Hosted by Braith Anasta",9428,no,no
champ,2022,2022-03-06,Hoag Classic,573,no,no
ngl,2022,2022-03-06,PGA Catalunya Resort Championship,9433,no,no
alp,2022,2022-03-06,Red Dea Little Venice Open 2022,9430,no,no
pga,2022,2022-03-06,Arnold Palmer Invitational presented by Mastercard,9,yes,yes
alp,2022,2022-03-06,New Giza Open 2022,9432,no,no
pga,2022,2022-03-06,Puerto Rico Open,483,no,basic
alp,2022,2022-02-27,Ein Bay Open 2022,9419,no,no
ngl,2022,2022-02-27,GolfStar Winter Series II,9421,no,no
pga,2022,2022-02-27,The Honda Classic,10,yes,yes
champ,2022,2022-02-27,Cologuard Classic,18,no,no
pgti,2022,2022-02-27,Gujarat Open Golf Championship 2022 presented by Gujarat Tourism,9422,no,no
asa,2022,2022-02-27,Royal's Cup 2022,9417,no,no
cha,2022,2022-02-27,Jonsson Workwear Open,2022302,no,no
sam,2022,2022-02-20,Estrella del Mar Open 2022,21,no,no
pga,2022,2022-02-20,The Genesis Invitational,7,yes,yes
cha,2022,2022-02-20,Bain's Whisky Cape Town Open,2022301,no,no
anz,2022,2022-02-20,TPS Murray River in honour of Jarrod Lyle,9415,no,no
champ,2022,2022-02-20,Chubb Classic,552,no,no
ngl,2022,2022-02-20,GolfStar Winter Series I,9420,no,no
kft,2022,2022-02-20,LECOM Suncoast Classic,129,no,no
kft,2022,2022-02-13,Astara Golf Championship presented by Mastercard,104,no,no
euro,2022,2022-02-13,Ras al Khaimah Classic ,2022148,no,no
atgt,2022,2022-02-13,Singha E-San Open,9410,no,no
anz,2022,2022-02-13,Vic Open,9409,no,no
cha,2022,2022-02-13,Dimension Data Pro-Am,2022300,no,no
pga,2022,2022-02-13,WM Phoenix Open,3,yes,yes
asa,2022,2022-02-06,PIF Saudi International powered by SoftBank Investment Advisers,9402,no,no
euro,2022,2022-02-06,Ras al Khaimah Championship presented by Phoenix Capital,2022105,no,no
pga,2022,2022-02-06,AT&T Pebble Beach Pro-Am,5,partial,partial
kft,2022,2022-02-06,The Panama Championship,84,no,no
anz,2022,2022-02-06,TPS Victoria Hosted by Geoff Ogilvy,9403,no,no
afr,2022,2022-01-30,Vodacom Origins of Golf Final,9398,no,no
atgt,2022,2022-01-30,Boonchu Ruangkit Championship 2022,9397,no,no
euro,2022,2022-01-30,Slync.io Dubai Desert Classic,2022104,no,no
pga,2022,2022-01-29,Farmers Insurance Open,4,partial,partial
kft,2022,2022-01-26,The Bahamas Great Abaco Classic at The Abaco Club,125,no,no
asa,2022,2022-01-23,SMBC Singapore Open,9391,no,no
anz,2022,2022-01-23,Queensland PGA Championship,9392,no,no
euro,2022,2022-01-23,Abu Dhabi HSBC Championship,2022103,no,no
pga,2022,2022-01-23,The American Express,2,partial,partial
champ,2022,2022-01-22,Mitsubishi Electric Championship at Hualalai,524,no,no
kft,2022,2022-01-19,The Bahamas Great Exuma Classic at Sandals Emerald Bay,124,no,no
anz,2022,2022-01-16,Fortinet Australian PGA Championship,9383,no,no
pga,2022,2022-01-16,Sony Open in Hawaii,6,yes,yes
asa,2022,2022-01-16,The Singapore International,9380,no,no
pga,2022,2022-01-09,Sentry Tournament of Champions,16,yes,yes
pgti,2021,2021-12-19,Tata Steel Tour Championship,9376,no,no
anz,2021,2021-12-19,Gippsland Super 6,9373,no,no
chn,2021,2021-12-19,Volvo China Open,9374,no,no
atgt,2021,2021-12-19,22nd Singha Thailand Masters,9375,no,no
bet,2021,2021-12-12,Big Easy Tour Champs,9372,no,no
sam,2021,2021-12-12,Scotia Wealth Management Chile Open presented by Volvo,16,no,no
anz,2021,2021-12-12,Victorian PGA Championship,9371,no,no
sam,2021,2021-12-05,115 VISA Argentine Open presented by Macro,13,no,no
afr,2021,2021-12-05,SA Open Championship,9362,no,no
pgti,2021,2021-12-05,Pune Open Golf Championship 202,9367,no,no
asa,2021,2021-12-05,Laguna Phuket Championship 2021,9366,no,no
pga,2021,2021-12-05,Hero World Challenge,478,no,no
jpn,2021,2021-12-05,Golf Nippon Series JT Cup,9365,no,no
pgti,2021,2021-11-28,ICC RCGC Open Golf Championship 2021 powered by Urbana,9361,no,no
asa,2021,2021-11-28,Blue Canyon Phuket Championship 2021,9359,no,no
jpn,2021,2021-11-28,Casio World Open,9358,no,no
euro,2021,2021-11-28,Joburg Open,2022100,no,no
pga,2021,2021-11-21,The RSM Classic,493,partial,partial
euro,2021,2021-11-21,"DP WORLD TOUR CHAMPIONSHIP, DUBAI",2021143,no,no
pgti,2021,2021-11-21,IndianOil Servo Masters Golf 2021,9356,no,no
jpn,2021,2021-11-21,Dunlop Phoenix,9354,no,no
atgt,2021,2021-11-21,Singha Chiang Mai Open 2021,9355,no,no
bet,2021,2021-11-21,Big Easy Play Off 2,9357,no,no
pgti,2021,2021-11-14,Jeev Milkha Singh Invitational 2021 presented by TAKE,9349,no,no
champ,2021,2021-11-14,Charles Schwab Cup Championship,47,no,no
atgt,2021,2021-11-14,Singha Classic 2021,9348,no,no
pga,2021,2021-11-14,Hewlett Packard Enterprise Houston Open,20,yes,yes
euro,2021,2021-11-14,AVIV Dubai Championship,2021157,no,no
jpn,2021,2021-11-14,Mitsui Sumitomo VISA Taiheiyo Masters,9347,no,no
bet,2021,2021-11-14,Big Easy Play Off 1,9350,no,no
chn,2021,2021-11-07,Hengdian Championship,9341,no,no
kor,2021,2021-11-07,LG SIGNATURE Players Championship,9340,no,no
euro,2021,2021-11-07,Portugal Masters,2021156,no,no
pga,2021,2021-11-07,World Wide Technology Championship at Mayakoba,457,no,basic
atgt,2021,2021-11-07,Singha E-San Open 2021,9342,no,no
bet,2021,2021-11-07,Big Easy Road to #18 Modderfontein Golf Club,9343,no,no
jpn,2021,2021-11-07,Mynavi ABC Championship,9337,no,no
cha,2021,2021-11-07,Rolex Challenge Tour Grand Final supported by The R&A,2021324,no,no
afr,2021,2021-11-07,PGA Championship,9338,no,no
champ,2021,2021-11-07,TimberTech Championship,50,no,no
pga,2021,2021-10-31,Butterfield Bermuda Championship,528,no,basic
bet,2021,2021-10-31,Big Easy Road to #17 Pecanwood Country Club,9334,no,no
jpn,2021,2021-10-31,ISPS HANDA Gatsu-n to tobase Tour tournament,9332,no,no
atgt,2021,2021-10-31,Thailand Open 2021,9333,no,no
champ,2021,2021-10-24,Dominion Energy Charity Classic,46,no,no
kor,2021,2021-10-24,Hana Bank Invitational,9326,no,no
pga,2021,2021-10-24,ZOZO CHAMPIONSHIP,527,no,no
euro,2021,2021-10-24,Mallorca Golf Open,2021155,no,no
ept,2021,2021-10-24,The Matchroom Tour Championship,9328,no,no
ngl,2021,2021-10-24,Road to Europe Tour Final,9329,no,no
atvt,2021,2021-10-24,Delight Works JGTO FINAL,9330,no,no
atgt,2021,2021-10-24,Singha Pattaya Open 2021,9327,no,no
afr,2021,2021-10-24,Blair Atholl Championship delivered by The Courier Guy,9324,no,no
cha,2021,2021-10-22,Challenge Costa Brava,2021337,no,no
ngl,2021,2021-10-17,MoreGolf Mastercard Tour Final at PGA Sweden National,9318,no,no
pga,2021,2021-10-17,THE CJ CUP @ SUMMIT,521,yes,yes
alp,2021,2021-10-17,Emilia-Romagna Alps Tour Grand Final,9320,no,no
jpn,2021,2021-10-17,Japan Open Golf Championship,9316,no,no
euro,2021,2021-10-17,Estrella Damm N.A. Andalucía Masters,2021137,no,no
champ,2021,2021-10-17,SAS Championship,45,no,no
cha,2021,2021-10-17,Empordà Challenge,2021336,no,no
pgti,2021,2021-10-17,Jaipur Open,9319,no,no
pgti,2021,2021-10-10,TATA Steel PGTI MP Cup 2021 presented by Delhi Golf Club supported by Just In Time Sports Foundation,9311,no,no
pgt,2021,2021-10-10,Castanea Resort Championship,9309,no,no
pga,2021,2021-10-10,Shriners Children's Open,47,yes,yes
euro,2021,2021-10-10,ACCIONA Open de España,2021136,no,no
alp,2021,2021-10-10,Golf Nazionale Alps Open,9307,no,no
kor,2021,2021-10-10,Genesis Championship,9312,no,no
champ,2021,2021-10-10,Constellation FURYK & FRIENDS,44,no,no
atgt,2021,2021-10-10,Singha Laguna Phuket Open,9310,no,no
jpn,2021,2021-10-10,Bridgestone Open,9304,no,no
ngl,2021,2021-10-10,Race to HimmerLand by FREJA,9308,no,no
atvt,2021,2021-10-10,Ryo Ishikawa everyone PROJECT Challenge,9305,no,no
atvt,2021,2021-10-03,TI Challenge in Tojonomori,9298,no,no
afr,2021,2021-10-03,Vodacom Origins of Golf - Humewood,9299,no,no
cha,2021,2021-10-03,Swiss Challenge,2021321,no,no
ngl,2021,2021-10-03,Visby Open by Destination Gotland,9297,no,no
bet,2021,2021-10-03,Big Easy Road to #16 Services,9300,no,no
kor,2021,2021-10-03,Hyundai Insurance KJ Choi Invitational,9296,no,no
jpn,2021,2021-10-03,Vantelin Tokai Classic,9294,no,no
pga,2021,2021-10-03,Sanderson Farms Championship,54,yes,yes
euro,2021,2021-10-03,Alfred Dunhill Links Championship,2021135,no,no
atgt,2021,2021-09-26,Singha all Thailand Championship 2021,9288,no,no
jpn,2021,2021-09-26,Panasonic Open,9283,no,no
bet,2021,2021-09-26,Big Easy Road to #15 Riviera on Vaal,9289,no,no
atvt,2021,2021-09-26,ISPS HANDA Hero ni nare! Challenge Tournament,9285,no,no
champ,2021,2021-09-26,PURE Insurance Championship,43,no,no
cha,2021,2021-09-26,Open de Portugal at Royal Óbidos,2021320,no,no
atvt,2021,2021-09-19,PGM Challenge,9277,no,no
euro,2021,2021-09-19,Dutch Open,2021133,no,no
afr,2021,2021-09-19,Vodacom Origins of Golf - Mt Edgecombe,9278,no,no
pgti,2021,2021-09-19,J&K Open 2021 presented by J&K Tourism,9274,no,no
cha,2021,2021-09-19,Hopps Open de Provence,2021327,no,no
kor,2021,2021-09-19,2021 DGB Financial Group Irvine Open,9273,no,no
ngl,2021,2021-09-19,Great Northern Challenge,9276,no,no
pga,2021,2021-09-19,Fortinet Championship,464,yes,yes
ept,2021,2021-09-19,Castletown Golf Links,9275,no,no
jpn,2021,2021-09-19,ANA Open,9271,no,no
afr,2021,2021-09-12,Sunshine Tour Invitational,9264,no,no
cha,2021,2021-09-12,Big Green Egg German Challenge powered by VcG,2021319,no,no
ept,2021,2021-09-12,The Motocaddy Masters,9268,no,no
euro,2021,2021-09-12,BMW PGA CHAMPIONSHIP,2021132,no,no
ngl,2021,2021-09-12,TRUST Forsikring Championship,9267,no,no
kor,2021,2021-09-12,The 37th Shinhan Donghae Open,9265,no,no
pgti,2021,2021-09-12,TATA Steel PGTI Players Championship 2021 presented by Govt. of Haryana & Panchkula Golf Club,9269,no,no
alp,2021,2021-09-12,Alps de Andalucia,9266,no,no
champ,2021,2021-09-12,Ascension Charity Classic,625,no,no
can,2021,2021-09-10,Forme Tour Championship,64,no,no
euro,2021,2021-09-05,DS Automobiles Italian Open,2021131,no,no
kft,2021,2021-09-05,Korn Ferry Tour Championship presented by United Leasing & Finance,154,no,no
pgti,2021,2021-09-05,Golconda Masters Telangana Open 2021 presented by Vooty & Haldi,9254,no,no
kor,2021,2021-09-05,BIZPLAY-Electronic Times OPEN,9252,no,no
pgt,2021,2021-09-05,FaberExposize Gelpenberg Open 2021,9257,no,no
cha,2021,2021-09-05,British Challenge Presented by Modest! Golf Management,2021318,no,no
pga,2021,2021-09-05,TOUR Championship,60,yes,yes
bet,2021,2021-09-05,Big Easy Road to #14 ERPM Golf Club,9258,no,no
ngl,2021,2021-09-05,Timberwise Finnish Open,9256,no,no
jpn,2021,2021-09-05,Fujisankei Classic,9250,no,no
ept,2021,2021-09-05,The Studley Wood Championship,9255,no,no
can,2021,2021-09-04,Rolling Green Championship,68,no,no
champ,2021,2021-08-29,The Ally Challenge,41,no,no
cha,2021,2021-08-29,B-NL Challenge Trophy,2021317,no,no
kft,2021,2021-08-29,Nationwide Children's Hospital Championship,153,no,no
euro,2021,2021-08-29,Omega European Masters,2021130,no,no
bet,2021,2021-08-29,Big Easy Road to # 13 Centurion Country Club,9246,no,no
ngl,2021,2021-08-29,Thisted Forsikring Championship,9243,no,no
pga,2021,2021-08-29,BMW Championship,28,yes,yes
jpn,2021,2021-08-29,Sansan KBC Augusta,9240,no,no
pgt,2021,2021-08-29,ALTEPRO Trophy 2021,9244,no,no
afr,2021,2021-08-29,Vodacom Origins of Golf - Sishen,9245,no,no
pgt,2021,2021-08-22,Starnberg Open 2021,9229,no,no
euro,2021,2021-08-22,D+D Real Czech Masters,2021129,no,no
champ,2021,2021-08-22,Boeing Classic,619,no,no
kft,2021,2021-08-22,Albertsons Boise Open presented by Chevron,152,no,no
ept,2021,2021-08-22,NI Masters hosted by Jonathan Caldwell,9227,no,no
jpn,2021,2021-08-22,Shigeo Nagashima Invitational Sega Sammy Cup,9233,no,no
ngl,2021,2021-08-22,Bråviken Open,9236,no,no
pga,2021,2021-08-22,THE NORTHERN TRUST,27,yes,yes
alp,2021,2021-08-22,Gosser Open,9226,no,no
ngl,2021,2021-08-22,PGA Championship Landeryd Masters,9228,no,no
afr,2021,2021-08-22,SunBet Challenge hosted by Time Square Casino,9234,no,no
can,2021,2021-08-21,Forme Open at TPC River's Bend,63,no,no
cha,2021,2021-08-20,Sydbank Esbjerg Challenge,2021330,no,no
pga,2021,2021-08-15,Wyndham Championship,13,yes,yes
kft,2021,2021-08-15,Pinnacle Bank Championship presented by Aetna,151,no,no
champ,2021,2021-08-15,Shaw Charity Classic,17,no,no
ept,2021,2021-08-15,The Cubefunder Championship,9220,no,no
pgt,2021,2021-08-15,Wolf Open,9221,no,no
euro,2021,2021-08-15,Cazoo Classic,2021128,no,no
kor,2021,2021-08-15,The 64th KPGA Championship with A-ONE CC,9219,no,no
cha,2021,2021-08-14,Made in Esbjerg Challenge – Presented by FREJA & Total,2021315,no,no
can,2021,2021-08-13,The Fuzzy Zoeller Classic at Covered Bridge Golf Club,67,no,no
ept,2021,2021-08-08,Nokia Masters,9208,no,no
kft,2021,2021-08-08,Utah Championship presented by Zions Bank,150,no,no
pga,2021,2021-08-08,Barracuda Championship,472,no,no
euro,2021,2021-08-08,Hero Open,2021126,no,no
ngl,2021,2021-08-08,Frederikshavn Championship - Presented by Sydbank,9209,no,no
afr,2021,2021-08-08,Vodacom Origins of Golf - De Zalze,9211,no,no
cha,2021,2021-08-08,Vierumäki Finnish Challenge,2021314,no,no
pga,2021,2021-08-08,World Golf Championships-FedEx St. Jude Invitational,476,yes,yes
atvt,2021,2021-08-01,Minami Akita CC Michinoku Challenge,9203,no,no
euro,2021,2021-08-01,ISPS HANDA World Invitational presented by Modest! Golf Management,2021124,no,no
pga,2021,2021-08-01,Olympic Men's Golf Competition,519,yes,basic
ngl,2021,2021-08-01,Göteborg Open presented by Enkla Elbolaget,9201,no,no
ept,2021,2021-08-01,PDC Championship,9200,no,no
can,2021,2021-07-31,Birck Boilermaker Classic,66,no,no
kft,2021,2021-07-25,Price Cutter Charity Championship presented by Dr Pepper,149,no,no
ept,2021,2021-07-25,Orida Championship,9195,no,no
cha,2021,2021-07-25,Italian Challenge,2021313,no,no
sam,2021,2021-07-25,Bupa Championship presented by Volvo,57,no,no
pga,2021,2021-07-25,3M Open,525,yes,yes
pgt,2021,2021-07-25,Raiffeisen Pro Golf Tour St. Pölten,9196,no,no
euro,2021,2021-07-25,Cazoo Open supported by Gareth Bale,2021123,no,no
ngl,2021,2021-07-25,AUDI Finnish PGA Golf Tour Championship,9197,no,no
can,2021,2021-07-23,Bolingbrook Golf Club Invitational,62,no,no
pga,2021,2021-07-18,Barbasol Championship,518,yes,yes
ept,2021,2021-07-18,THE WRIGHT-MORGAN CHAMPIONSHIP,8192,no,no
alp,2021,2021-07-18,Roma Alps Open,8191,no,no
cha,2021,2021-07-18,Euram Bank Open,2021312,no,no
pga,2021,2021-07-18,The Open Championship,100,no,no
kft,2021,2021-07-18,Memorial Health Championship presented by LRS,148,no,no
ngl,2021,2021-07-11,Live it Katrineholm Open hosted by Robert Karlsson,8183,no,no
euro,2021,2021-07-11,abrdn Scottish Open,2021121,no,no
kft,2021,2021-07-11,TPC Colorado Championship at Heron Lakes,147,no,no
atvt,2021,2021-07-11,JAPAN PLAYERS CHAMPIONSHIP CHALLENGE,8185,no,no
champ,2021,2021-07-11,U.S. Senior Open Championship,512,no,no
cha,2021,2021-07-11,Le Vaudreuil Golf Challenge,2021311,no,no
kor,2021,2021-07-11,Woosung Construction Aramir CC Busan-Gyeongnam Open,8186,no,no
alp,2021,2021-07-11,Alps de Las Castillas,8182,no,no
pga,2021,2021-07-11,John Deere Classic,30,yes,yes
cha,2021,2021-07-04,Kaskáda Golf Challenge,2021310,no,no
jpn,2021,2021-07-04,Japan PGA Championship,8171,no,no
euro,2021,2021-07-04,Dubai Duty Free Irish Open,2021120,no,no
ngl,2021,2021-07-04,Junet Open presented by Alexander Björk,8174,no,no
ept,2021,2021-07-04,GLAL.UK Worcestershire Masters Hosted by The Vale,8177,no,no
champ,2021,2021-07-04,DICK'S Sporting Goods Open,8,no,no
pgt,2021,2021-07-04,Gradi Polish Open by Emeralld 2021,8175,no,no
pga,2021,2021-07-04,Rocket Mortgage Classic,524,yes,yes
can,2021,2021-07-03,Auburn University Club Invitational,61,no,no
sam,2021,2021-06-27,Banco del Pacifico Open,22,no,no
pga,2021,2021-06-27,Travelers Championship,34,yes,yes
cha,2021,2021-06-27,Open de Bretagne,2021309,no,no
ngl,2021,2021-06-27,Halmstad Challenge by Padelpitch,8164,no,no
euro,2021,2021-06-27,BMW International Open,2021119,no,no
champ,2021,2021-06-27,Bridgestone SENIOR PLAYERS Championship,39,no,no
jpn,2021,2021-06-27,Dunlop SRIXON Fukushima Open,8161,no,no
kft,2021,2021-06-27,Live and Work in Maine Open,136,no,no
ept,2021,2021-06-27,The Eagle Orchid Scottish Masters,8165,no,no
atvt,2021,2021-06-27,Daisendori Cup,8162,no,no
kor,2021,2021-06-27,Kolon the 63rd Korea Open,8163,no,no
can,2021,2021-06-26,L&J Golf Championship at Jennings Mill Country Club,65,no,no
chn,2021,2021-06-20,Xian Classic,8148,no,no
ept,2021,2021-06-20,The Cumberwell Park Championship,8150,no,no
kft,2021,2021-06-20,Wichita Open Benefitting KU Wichita Pediatrics,146,no,no
pga,2021,2021-06-20,U.S. Open #2,535,yes,yes
ngl,2021,2021-06-20,Samsø Pro-Am Classic - by Samsø Festival,8154,no,no
sam,2021,2021-06-20,Holcim Colombia Classic presented by Volvo,11,no,no
atvt,2021,2021-06-20,Japan Create Challenge in FukuokaRaizan,8151,no,no
alp,2021,2021-06-20,Memorial Giorgio Bordoni by AON,8149,no,no
cha,2021,2021-06-18,Challenge de España ,2021304,no,no
ept,2021,2021-06-13,The Jessie May World Snooker Golf Champs,8141,no,no
atvt,2021,2021-06-13,Landic Challenge 8,8143,no,no
alp,2021,2021-06-13,Open International de la Mirabelle d'Or,8140,no,no
ngl,2021,2021-06-13,Jyske Bank Championship,8142,no,no
champ,2021,2021-06-13,American Family Insurance Championship,622,no,no
kft,2021,2021-06-13,BMW Charity Pro-Am presented by SYNNEX Corporation,37,no,no
sam,2021,2021-06-13,The Club at Weston Hills Open,56,no,no
euro,2021,2021-06-13,Scandinavian Mixed Hosted by Henrik & Annika,2021117,no,no
chn,2021,2021-06-13,Wuhan Classic,8139,no,no
pga,2021,2021-06-13,Palmetto Championship at Congaree,538,yes,yes
cha,2021,2021-06-13,Challenge de Cadiz,2021307,no,no
kor,2021,2021-06-13,SK telecom OPEN 2021,8137,no,no
euro,2021,2021-06-06,Porsche European Open,2021116,no,no
cha,2021,2021-06-06,D+D REAL Czech Challenge,2021306,no,no
ngl,2021,2021-06-06,Stockholm Trophy presented by Greatdays,8127,no,no
chn,2021,2021-06-06,Lanhai Classic,8126,no,no
afr,2021,2021-06-06,SunBet Challenge hosted by Sun City,8129,no,no
jpn,2021,2021-06-06,JGTC Mori Building Cup Shishido Hills,8123,no,no
bet,2021,2021-06-06,Big Easy Road to # 12 - Modderfontein Golf Club,8130,no,no
pga,2021,2021-06-06,the Memorial Tournament presented by Nationwide,23,yes,yes
champ,2021,2021-06-06,Principal Charity Classic,608,no,no
kft,2021,2021-06-06,REX Hospital Open,48,no,no
pgt,2021,2021-06-06,Dreamland Pyramids Classic 2021,8128,no,no
pga,2021,2021-05-30,Charles Schwab Challenge,21,yes,yes
alp,2021,2021-05-30,Red Sea Little Venice Open,8115,no,no
pgt,2021,2021-05-30,NewGiza Pyramids Challenge 2021,8118,no,no
champ,2021,2021-05-30,KitchenAid Senior PGA Championship,520,no,no
cha,2021,2021-05-30,Irish Challenge,2021305,no,no
ept,2021,2021-05-30,THE IFX CHAMPIONSHIP,8117,no,no
chn,2021,2021-05-30,Zhengzhou Classic,8116,no,no
atvt,2021,2021-05-30,Taiheiyo Club Challenge Tournament,8113,no,no
kft,2021,2021-05-30,Evans Scholars Invitational presented by First Midwest Bank,145,no,no
jpn,2021,2021-05-30,Gate Way To The Open Mizuno Open,8112,no,no
kor,2021,2021-05-30,KB Finance Liiv Championship,8119,no,no
euro,2021,2021-05-30,Made in HimmerLand presented by FREJA,2021115,no,no
bet,2021,2021-05-30,Big Easy Road To #11 Pecanwood,8114,no,no
pga,2021,2021-05-23,PGA Championship,33,yes,yes
kft,2021,2021-05-23,AdventHealth Championship,100,no,no
jpn,2021,2021-05-23,Golf Partner Pro-Am Tournament,8107,no,no
ngl,2021,2021-05-23,TanumStrand Fjällbacka Open,8105,no,no
alp,2021,2021-05-23,Ein Bay Open,8104,no,no
cha,2021,2021-05-22,Dormy Open,2021329,no,no
kft,2021,2021-05-16,Visit Knoxville Open,11,no,no
ngl,2021,2021-05-16,Made in HimmerLand by Enjoy Resorts,8097,no,no
jpn,2021,2021-05-16,Asia Pacific Diamond Cup Golf,8100,no,no
champ,2021,2021-05-16,Mitsubishi Electric Classic,15,no,no
cha,2021,2021-05-16,Range Servant Challenge by Hinton Golf,2021328,no,no
chn,2021,2021-05-16,Nanshan Open,8101,no,no
pga,2021,2021-05-16,AT&T Byron Nelson,19,yes,yes
euro,2021,2021-05-15,Betfred British Masters hosted by Danny Willett,2021113,no,no
kor,2021,2021-05-09,The 40th GS Caltex Maekyung Open,8094,no,no
pga,2021,2021-05-09,Wells Fargo Championship,480,yes,yes
kft,2021,2021-05-09,Simmons Bank Open for the Snedeker Foundation,120,no,no
cha,2021,2021-05-09,Dimension Data Pro-Am,2021300,no,no
ngl,2021,2021-05-09,Lindbytvätten Grand Opening,8090,no,no
champ,2021,2021-05-09,Regions Tradition,558,no,no
euro,2021,2021-05-09,Canary Islands Championship,2021153,no,no
jpn,2021,2021-05-09,JAPAN PLAYERS CHAMPIONSHIP by Sato Shokuhin,8093,no,no
pgt,2021,2021-05-02,Haugschlag NÖ Open by perfect eagle 2021,8082,no,no
cha,2021,2021-05-02,Bain's Whisky Cape Town Open,2021301,no,no
euro,2021,2021-05-02,Tenerife Open,2021109,no,no
kft,2021,2021-05-02,Huntsville Championship,134,no,no
jpn,2021,2021-05-02,The Crowns,8085,no,no
alp,2021,2021-05-02,Antognolla Alps Open,8081,no,no
chn,2021,2021-05-02,Boao Classic,8086,no,no
champ,2021,2021-05-02,Insperity Invitational,615,no,no
kor,2021,2021-05-02,KPGA Gunsan CC Open,8087,no,no
pga,2021,2021-05-02,Valspar Championship,475,yes,yes
kft,2021,2021-04-25,Veritex Bank Championship,137,no,no
chn,2021,2021-04-25,Sanya Classic,8077,no,no
pgt,2021,2021-04-25,Red Sea Ain Sokhna Classic 2021,8073,no,no
cha,2021,2021-04-25,Limpopo Championship,2021302,no,no
jpn,2021,2021-04-25,Kansai Open Golf Championship,8076,no,no
alp,2021,2021-04-25,Abruzzo Alps Open,8071,no,no
ngl,2021,2021-04-25,PGA Catalunya Resort Championship,8072,no,no
euro,2021,2021-04-25,Gran Canaria Lopesan Open,2021110,no,no
bet,2021,2021-04-25,Big Easy Road to # 10 - Wingate Park Country Club,8078,no,no
ngl,2021,2021-04-18,ECCO Spanish Masters,8062,no,no
jpn,2021,2021-04-18,Token Homemate Cup,8066,no,no
kor,2021,2021-04-18,The 16th DB Insurance Promy Open,8068,no,no
pga,2021,2021-04-18,RBC Heritage,12,yes,yes
kft,2021,2021-04-18,MGM Resorts Championship at Paiute,165,no,no
atvt,2021,2021-04-18,i Golf Shaper Challenge in Chikushigaoka,8067,no,no
euro,2021,2021-04-18,Austrian Golf Open,2021152,no,no
pgt,2021,2021-04-18,Red Sea Egyptian Classic 2021,8063,no,no
champ,2021,2021-04-18,Chubb Classic,38,no,no
pga,2021,2021-04-11,The Masters #2,536,yes,yes
bet,2021,2021-04-04,Big Easy Road to # 9 ERPM Golf Club,8059,no,no
pga,2021,2021-04-04,Valero Texas Open,41,yes,yes
kft,2021,2021-04-04,Emerald Coast Classic at Sandestin,164,no,no
alp,2021,2021-04-04,MIRA Live the Soul Open,8058,no,no
pga,2021,2021-03-28,Corales Puntacana Resort & Club Championship #2,534,no,no
kft,2021,2021-03-28,Club Car Championship at The Landings Club,144,no,no
alp,2021,2021-03-28,MIRA Golf Experience Acaya Open,8052,no,no
anz,2021,2021-03-28,Golf Challenge NSW Open Concord Golf Club,8053,no,no
sam,2021,2021-03-28,61 Abierto Mexicano de Golf,14,no,no
afr,2021,2021-03-28,Serengeti Pro-Am Invitational,8051,no,no
bet,2021,2021-03-28,Big Easy Road to #8 Pollak Park Golf Club,8050,no,no
euro,2021,2021-03-26,Kenya Savannah Classic,2021148,no,no
pgti,2021,2021-03-21,Prometheus School presents Delhi-NCR Open 2021,8042,no,no
pga,2021,2021-03-21,The Honda Classic,10,yes,yes
afr,2021,2021-03-21,Gauteng Championship presented by BETWAY,8043,no,no
kft,2021,2021-03-21,Chitimacha Louisiana Open presented by MISTRAS,36,no,no
euro,2021,2021-03-21,Magical Kenya Open,2021106,no,no
pga,2021,2021-03-14,THE PLAYERS Championship,11,yes,yes
euro,2021,2021-03-14,Commercial Bank Qatar Masters,2021105,no,no
afr,2021,2021-03-14,Players Championship hosted at Dainfern Golf Estate,8039,no,no
anz,2021,2021-03-14,2021 Isuzu Queensland Open Pelican Waters Golf Club,8041,no,no
bet,2021,2021-03-07,Big Easy Road To #7 Krugersdrp,8037,no,no
pga,2021,2021-03-07,Arnold Palmer Invitational presented by Mastercard,9,yes,yes
atgt,2021,2021-03-07,Boonchu Ruangkit Championship,8036,no,no
afr,2021,2021-03-07,Kit Kat Group PROAM,8035,no,no
anz,2021,2021-03-07,"TPS Sydney, Hosted by Braith Anasta",8034,no,no
pgti,2021,2021-02-28,Glade One Masters 2021,8032,no,no
pga,2021,2021-02-28,World Golf Championships-Workday Championship at The Concession,473,yes,yes
pga,2021,2021-02-28,Puerto Rico Open,483,no,basic
bet,2021,2021-02-28,Big Easy Road to # 6 - Centurion Country Club,8030,no,no
champ,2021,2021-02-28,Cologuard Classic,37,no,no
kft,2021,2021-02-21,LECOM Suncoast Classic,143,no,no
pga,2021,2021-02-21,The Genesis Invitational,7,yes,yes
pgti,2021,2021-02-21,Gujarat Open Golf Championship 2021 presented by Gujarat Tourism,8028,no,no
anz,2021,2021-02-14,Moonah Links PGA Classic,8025,no,no
pga,2021,2021-02-14,AT&T Pebble Beach Pro-Am,5,partial,partial
euro,2021,2021-02-07,Saudi International powered by SoftBank Investment Advisers,2021103,no,no
pga,2021,2021-02-07,Waste Management Phoenix Open,3,yes,yes
anz,2021,2021-02-07,Victorian PGA Championship Moonah Links Resort,8023,no,no
euro,2021,2021-01-31,Omega Dubai Desert Classic,2021102,no,no
pga,2021,2021-01-31,Farmers Insurance Open,4,partial,partial
bet,2021,2021-01-31,Big Easy Road To #5 Copperleaf,8017,no,no
anz,2021,2021-01-31,"TPS Victoria, Hosted by Geoff Ogilvy",8020,no,no
euro,2021,2021-01-24,Abu Dhabi HSBC Championship,2021101,no,no
pga,2021,2021-01-24,The American Express,2,partial,partial
champ,2021,2021-01-23,Mitsubishi Electric Championship at Hualalai,36,no,no
pga,2021,2021-01-17,Sony Open in Hawaii,6,yes,yes
pga,2021,2021-01-10,Sentry Tournament of Champions,16,yes,yes
pgti,2020,2020-12-20,Tata Steel Tour Championship,8006,no,no
sam,2020,2020-12-20,Puerto Plata Open,9,no,no
sam,2020,2020-12-13,Shell Open,52,no,no
chn,2020,2020-12-13,Volvo China Open,8004,no,no
euro,2020,2020-12-13,"DP World Tour Championship, Dubai",2020098,no,no
pgti,2020,2020-12-06,Jeev Milkha Singh Invitational 2020 presented by TAKE,8001,no,no
euro,2020,2020-12-06,South African Open,2020105,no,no
bet,2020,2020-12-06,Big Easy Road to # 4 - Centurion,8000,no,no
pga,2020,2020-12-06,Mayakoba Golf Classic presented by UNIFIN,457,no,basic
jpn,2020,2020-12-06,Golf Nippon Series JT Cup,7999,no,no
euro,2020,2020-12-05,Golf in Dubai Championship presented by DP World,2020106,no,no
bet,2020,2020-11-29,Big Easy Road To #3 Reading,7995,no,no
euro,2020,2020-11-29,Alfred Dunhill Championship,2020104,no,no
euro,2020,2020-11-22,Joburg Open,2020103,no,no
jpn,2020,2020-11-22,Dunlop Phoenix,7991,no,no
pga,2020,2020-11-22,The RSM Classic,493,partial,partial
cha,2020,2020-11-22,Challenge Tour Grand Final,2020762,no,no
sam,2020,2020-11-20,LOCALiQ Series Championship,51,no,no
pga,2020,2020-11-15,The Masters,14,no,no
jpn,2020,2020-11-15,Mitsui Sumitomo VISA Taiheiyo Masters,7984,no,no
pgti,2020,2020-11-15,Tata Steel PGTI Players Championship 2020 presented by Chandigarh Golf Club,7985,no,no
cha,2020,2020-11-14,Challenge de Cadiz,2020302,no,no
cha,2020,2020-11-08,Andalucía Challenge de España,2020301,no,no
pga,2020,2020-11-08,Vivint Houston Open,20,yes,yes
chn,2020,2020-11-08,Hangzhou International Championship,7979,no,no
pgti,2020,2020-11-08,Tata Steel PGTI Players Championship 2020 presented by Panchkula Golf Club,7981,no,no
champ,2020,2020-11-08,Charles Schwab Cup Championship,539,no,no
afr,2020,2020-11-08,Time Square Casino Challenge,7978,no,no
euro,2020,2020-11-08,Aphrodite Hills Cyprus Showdown,2020101,no,no
kor,2020,2020-11-08,LG Signature Players Championship,7980,no,no
champ,2020,2020-11-01,TimberTech Championship,9,no,no
pga,2020,2020-11-01,Bermuda Championship,528,no,basic
bet,2020,2020-11-01,Big Easy Road to # 2 - State Mines,7972,no,no
alp,2020,2020-11-01,Italy Alps Open,7973,no,no
euro,2020,2020-11-01,Cyprus Open,2020100,no,no
atvt,2020,2020-10-25,Delight Works Challenge,7963,no,no
bet,2020,2020-10-25,Big Easy Road To #1 - Services,7967,no,no
pga,2020,2020-10-25,ZOZO CHAMPIONSHIP @ SHERWOOD,527,yes,yes
kor,2020,2020-10-25,BIZPLAY-Electronic Times OPEN with TAMEUS CC,7968,no,no
afr,2020,2020-10-25,Sun Wild Coast Sun Challenge,7965,no,no
anz,2020,2020-10-25,Tailor-made Building Services NT PGA Championship,7964,no,no
euro,2020,2020-10-25,Italian Open,2020086,no,no
atgt,2020,2020-10-18,Singha Laguna Phuket Open,7959,no,no
pga,2020,2020-10-18,THE CJ CUP @ SHADOW CREEK,521,yes,yes
champ,2020,2020-10-18,Dominion Energy Charity Classic,623,no,no
anz,2020,2020-10-18,Nexus Risk WA Open,7958,no,no
jpn,2020,2020-10-18,Japan Open Golf Championship,7957,no,no
euro,2020,2020-10-18,Scottish Championship,2020102,no,no
pga,2020,2020-10-11,Shriners Hospitals for Children Open,47,yes,yes
kft,2020,2020-10-11,Orange County National Championship presented by Knight 39,142,no,no
ngl,2020,2020-10-11,Lindbytvätten Tour Final by Ekerum Resort,7948,no,no
champ,2020,2020-10-11,SAS Championship,609,no,no
atvt,2020,2020-10-11,Ryo Ishikawa everyone PROJECT,7946,no,no
kor,2020,2020-10-11,Genesis Championship,7949,no,no
euro,2020,2020-10-11,BMW PGA Championship,2020078,no,no
anz,2020,2020-10-11,TX Civil & Logistics WA PGA Championship,7947,no,no
sam,2020,2020-10-09,Classic at The Club at Weston Hills,50,no,no
pgt,2020,2020-10-04,Castanea Resort Championship,7939,no,no
kft,2020,2020-10-04,Savannah Golf Championship,128,no,no
pga,2020,2020-10-04,Sanderson Farms Championship,54,yes,yes
alp,2020,2020-10-04,Alps de Las Castillas,7937,no,no
afr,2020,2020-10-04,Vodacom Championship Reloaded,7936,no,no
ngl,2020,2020-10-04,Race to Himmerland by FREJA,7938,no,no
cha,2020,2020-10-04,Italian Challenge,2020726,no,no
euro,2020,2020-10-04,Aberdeen Standard Investments Scottish Open,2020060,no,no
atvt,2020,2020-10-04,TI Challenge,7935,no,no
sam,2020,2020-10-02,The Challenge at Harbor Hills,49,no,no
afr,2020,2020-09-27,Vodacom Championship Unlocked,7925,no,no
ngl,2020,2020-09-27,Visby Open by Destination Gotland,7927,no,no
alp,2020,2020-09-27,Alps de Andalucia,7926,no,no
kor,2020,2020-09-27,Hyundai Insurance KJ Choi Invitational,7928,no,no
kft,2020,2020-09-27,Wichita Open Supporting Wichita's Youth,23,no,no
euro,2020,2020-09-27,Dubai Duty Free Irish Open,2020046,no,no
pga,2020,2020-09-27,Corales Puntacana Resort & Club Championship,522,no,basic
sam,2020,2020-09-25,Jacksonville Championship,48,no,no
champ,2020,2020-09-20,PURE Insurance Championship,616,no,no
ngl,2020,2020-09-20,Ledreborg Palace Golf Masters,7918,no,no
euro,2020,2020-09-20,Open de Portugal at Royal Óbidos,2020750,no,no
alp,2020,2020-09-20,Toscana Alps Open,7917,no,no
pga,2020,2020-09-20,U.S. Open,26,yes,yes
atvt,2020,2020-09-20,PGM Challenge II,7916,no,no
atgt,2020,2020-09-20,21st Singha Thailand Masters,7919,no,no
euro,2020,2020-09-13,Portugal Masters,2020090,no,no
kft,2020,2020-09-13,Evans Scholars Invitational,131,no,no
champ,2020,2020-09-13,Sanford International,23,no,no
pgt,2020,2020-09-13,Haugschlag NÖ Open by perfect eagle,7906,no,no
kor,2020,2020-09-13,The 36th Shinhan Donghae Open,7907,no,no
alp,2020,2020-09-13,Open de la Mirabelle d'Or,7905,no,no
pga,2020,2020-09-13,Safeway Open,464,yes,yes
can,2020,2020-09-11,Canada Life Series Championship at TPC Toronto,58,no,no
pga,2020,2020-09-07,TOUR Championship,60,yes,yes
pgt,2020,2020-09-06,Schladming Dachstein Open 2020 powered by EURAM BANK,7898,no,no
jpn,2020,2020-09-06,Fujisankei Classic,7895,no,no
ngl,2020,2020-09-06,TanumStrand Fjällbacka Open,7897,no,no
kft,2020,2020-09-06,Lincoln Land Championship presented by LRS,122,no,no
alp,2020,2020-09-06,Cervino Alps Open,7896,no,no
euro,2020,2020-09-06,Estrella Damm N.A. Andalucia Masters ,2020038,no,no
afr,2020,2020-09-06,Titleist Championship,7901,no,no
cha,2020,2020-09-06,Northern Ireland Open supported by The R&A,2020300,no,no
can,2020,2020-09-04,Canada Life Series at TPC Toronto: Heathlands Course,57,no,no
sam,2020,2020-09-03,The Invitational at Auburn University Club,47,no,no
kor,2020,2020-08-30,HAZZYS Golf KPGA Open with Ildong Lakes Golf Club,7887,no,no
kft,2020,2020-08-30,Korn Ferry Tour Championship presented by United Leasing & Finance,45,no,no
afr,2020,2020-08-30,The African Bank Sunshine Tour Championship,7884,no,no
ngl,2020,2020-08-30,V Sport Golf Challenge at PGA Sweden National,7885,no,no
pgt,2020,2020-08-30,ALTEPRO Trophy by EXTEC,7886,no,no
euro,2020,2020-08-30,ISPS HANDA UK Championship,2020011,no,no
pga,2020,2020-08-30,BMW Championship,28,yes,yes
sam,2020,2020-08-28,The Classic at Callaway Gardens,46,no,no
champ,2020,2020-08-26,Charles Schwab Series at Ozarks National,25,no,no
ngl,2020,2020-08-23,Esbjerg Open Presented by Total,7878,no,no
euro,2020,2020-08-23,ISPS HANDA Wales Open,2020009,no,no
pgt,2020,2020-08-23,Starnberg Open,7877,no,no
kor,2020,2020-08-23,The 39th GS Caltex Maekyung Open Golf Championship,7888,no,no
pga,2020,2020-08-23,THE NORTHERN TRUST,27,yes,yes
kft,2020,2020-08-23,Nationwide Children's Hospital Championship,94,no,no
afr,2020,2020-08-23,Betway Championship,7876,no,no
champ,2020,2020-08-21,Charles Schwab Series at Bass Pro Shops Big Cedar Lodge,24,no,no
can,2020,2020-08-19,Canada Life Series at Bear Mountain: Valley Course,56,no,no
kft,2020,2020-08-16,Albertsons Boise Open presented by Kraft Nabisco,27,no,no
ngl,2020,2020-08-16,Landeryd Masters by LiveCaddie,7870,no,no
atgt,2020,2020-08-16,Singha Pattaya Open,7871,no,no
euro,2020,2020-08-16,Celtic Classic,2020007,no,no
alp,2020,2020-08-16,Gosser Open,7869,no,no
pga,2020,2020-08-16,Wyndham Championship,13,yes,yes
champ,2020,2020-08-16,Bridgestone SENIOR PLAYERS Championship,507,no,no
sam,2020,2020-08-13,The Championship at Echelon Golf Club,45,no,no
can,2020,2020-08-12,Canada Life Series at Bear Mountain: Mountain Course,55,no,no
pga,2020,2020-08-09,PGA Championship,33,yes,yes
kft,2020,2020-08-09,WinCo Foods Portland Open presented by KraftHeinz,111,no,no
kor,2020,2020-08-09,63rd KPGA Championship with A-ONE CC,7861,no,no
euro,2020,2020-08-09,English Championship,2020005,no,no
pgt,2020,2020-08-09,Raiffeisen Pro Golf Tour St. Polten,7860,no,no
sam,2020,2020-08-07,Alpharetta Classic,44,no,no
pga,2020,2020-08-02,Barracuda Championship,472,no,basic
pga,2020,2020-08-02,World Golf Championships-FedEx St. Jude Invitational,476,yes,yes
ngl,2020,2020-08-02,PGA Championship Braviken Open,7850,no,no
champ,2020,2020-08-02,The Ally Challenge,22,no,no
euro,2020,2020-08-02,Hero Open,2020004,no,no
kft,2020,2020-08-02,Pinnacle Bank Championship presented by Aetna,123,no,no
pgt,2020,2020-08-02,Gradi Polish Open by Emeralld,7848,no,no
kft,2020,2020-07-26,Price Cutter Charity Championship presented by Dr Pepper,22,no,no
pga,2020,2020-07-26,3M Open,525,yes,yes
ngl,2020,2020-07-26,Stockholm Trophy by Folksam,7843,no,no
euro,2020,2020-07-25,Betfred British Masters hosted by Lee Westwood,2020066,no,no
ngl,2020,2020-07-19,Barseback Resort Masters,7838,no,no
pga,2020,2020-07-19,the Memorial Tournament presented by Nationwide,23,yes,yes
kft,2020,2020-07-18,TPC San Antonio Championship at the Oaks,141,no,no
euro,2020,2020-07-18,Euram Bank Open,2020732,no,no
atgt,2020,2020-07-12,Thongchai Jaidee Foundation,7832,no,no
kft,2020,2020-07-12,TPC San Antonio Challenge at the Canyons,140,no,no
euro,2020,2020-07-12,Austrian Open,2020731,no,no
pga,2020,2020-07-12,Workday Charity Open,533,yes,yes
kor,2020,2020-07-12,KPGA Gunsan CC Open,7833,no,no
kor,2020,2020-07-05,Woosung Construction Aramir CC Busan Gyeongnam Open,7827,no,no
ngl,2020,2020-07-05,Katrineholm Open hosted by Robert Karlsson,7828,no,no
pga,2020,2020-07-05,Rocket Mortgage Classic,524,yes,yes
kft,2020,2020-07-04,TPC Colorado Championship at Heron Lakes,130,no,no
kft,2020,2020-06-28,Utah Championship presented by Zions Bank,26,no,no
pga,2020,2020-06-28,Travelers Championship,34,yes,yes
pga,2020,2020-06-21,RBC Heritage,12,yes,yes
kft,2020,2020-06-20,The King & Bear Classic at World Golf Village,139,no,no
kft,2020,2020-06-14,Korn Ferry Challenge at TPC Sawgrass,138,no,no
pga,2020,2020-06-14,Charles Schwab Challenge,21,yes,yes
other,2020,2020-05-21,Maridoe Samaritan Fund Invitational 2.0,0,no,no
pgti,2020,2020-03-15,Bengal Open Golf Championship,7818,no,no
pga,2020,2020-03-15,THE PLAYERS Championship,11,yes,basic
pgt,2020,2020-03-15,Open Bahia Golf Beach,7817,no,no
ngl,2020,2020-03-15,PGA Catalunya Resort Championship,7816,no,no
pgt,2020,2020-03-08,Open Royal Golf Anfa Mohammedia,7812,no,no
asa,2020,2020-03-08,Bandar Malaysia Open,7810,no,no
mgt,2020,2020-03-08,Journey to Jordan 2 - Ayla,7813,no,no
champ,2020,2020-03-08,Hoag Classic,573,no,no
ngl,2020,2020-03-08,Spanish Masters - Powered by DAT,7814,no,no
euro,2020,2020-03-08,Commercial Bank Qatar Masters,2020022,no,no
pga,2020,2020-03-08,Arnold Palmer Invitational presented by Mastercard,9,yes,yes
sam,2020,2020-03-08,Estrella del Mar Open,21,no,no
alp,2020,2020-03-01,Red Sea Little Venice Open,7803,no,no
ngl,2020,2020-03-01,Lumine Lakes Open,7805,no,no
asa,2020,2020-03-01,New Zealand Open presented by Sky Sport,7801,no,no
euro,2020,2020-03-01,Oman Open,2020020,no,no
champ,2020,2020-03-01,Cologuard Classic,18,no,no
mgt,2020,2020-03-01,Royal Golf Club Bahrain Open,7806,no,no
ngl,2020,2020-03-01,Lumine Hills Open,7804,no,no
pga,2020,2020-03-01,The Honda Classic,10,yes,yes
kft,2020,2020-03-01,El Bosque Mexico Championship by INNOVA,95,no,no
afr,2020,2020-02-23,Tour Championship,7795,no,no
pgt,2020,2020-02-23,Open Casa Green Golf,7797,no,no
pga,2020,2020-02-23,World Golf Championships-Mexico Championship,473,yes,yes
mgt,2020,2020-02-23,The Ghala Open,7798,no,no
alp,2020,2020-02-23,Ein Bay Open,7796,no,no
pga,2020,2020-02-23,Puerto Rico Open,483,no,basic
anz,2020,2020-02-23,Isuzu Queensland Open,7793,no,no
pgti,2020,2020-02-16,Tata Steel PGTI Players Championship presented by Eagleton - The Golf Resort,7791,no,no
kft,2020,2020-02-16,LECOM Suncoast Classic,129,no,no
mgt,2020,2020-02-16,NEWGIZA Open,7790,no,no
cha,2020,2020-02-16,Dimension Data Pro-Am,2020710,no,no
pga,2020,2020-02-16,The Genesis Invitational,7,yes,yes
pgt,2020,2020-02-16,Open Palmeraie Country Club,7789,no,no
champ,2020,2020-02-16,Chubb Classic,552,no,no
anz,2020,2020-02-16,Coca-Cola QLD PGA Championship,7788,no,no
pga,2020,2020-02-09,AT&T Pebble Beach Pro-Am,5,partial,partial
cha,2020,2020-02-09,RAM Cape Town Open,2020708,no,no
mgt,2020,2020-02-09,Journey to Jordan 1 - Ayla,7783,no,no
euro,2020,2020-02-09,ISPS Handa Vic Open,2020014,no,no
atgt,2020,2020-02-09,Singha E-San Open,7782,no,no
pgti,2020,2020-02-09,Golconda Masters Golf Championship 2020 powered by Telangana Tourism,7784,no,no
kft,2020,2020-02-09,Country Club de Bogota Championship,104,no,no
pga,2020,2020-02-02,Waste Management Phoenix Open,3,yes,yes
cha,2020,2020-02-02,Limpopo Championship,2020706,no,no
euro,2020,2020-02-02,Saudi International powered by SoftBank Investment Advisors,2020012,no,no
kft,2020,2020-02-02,Panama Championship,84,no,no
champ,2020,2020-02-01,Morocco Champions,624,no,no
pga,2020,2020-01-26,Farmers Insurance Open,4,partial,partial
euro,2020,2020-01-26,Omega Dubai Desert Classic,2020010,no,no
pgt,2020,2020-01-26,Red Sea Ain Sokhna Classic,7771,no,no
atgt,2020,2020-01-26,Boonchu Ruangkit Championship,7772,no,no
kft,2020,2020-01-22,The Bahamas Great Abaco Classic at Baha Mar,125,no,no
pga,2020,2020-01-19,The American Express,2,partial,partial
afr,2020,2020-01-19,Eye of Africa PGA Championship,7767,no,no
euro,2020,2020-01-19,Abu Dhabi HSBC Championship presented by EGA,2020008,no,no
jpn,2020,2020-01-19,SMBC Singapore Open,7766,no,no
pgt,2020,2020-01-19,Red Sea Egyptian Classic,7768,no,no
champ,2020,2020-01-18,Mitsubishi Electric Championship at Hualalai,524,no,no
kft,2020,2020-01-15,The Bahamas Great Exuma Classic at Sandals Emerald Bay,124,no,no
euro,2020,2020-01-12,South African Open hosted by the City of Johannesburg,2020006,no,no
pga,2020,2020-01-12,Sony Open in Hawaii,6,yes,yes
asa,2020,2020-01-12,Hong Kong Open,7761,no,no
pga,2020,2020-01-05,Sentry Tournament of Champions,16,yes,yes
euro,2019,2019-12-22,Australian PGA Championship,2020003,no,no
euro,2019,2019-12-08,AFRASIA BANK Mauritius Open,2020002,no,no
pga,2019,2019-12-07,Hero World Challenge,478,no,basic
euro,2019,2019-12-01,Alfred Dunhill Championship,2020001,no,no
pga,2019,2019-11-24,The RSM Classic,493,partial,partial
euro,2019,2019-11-24,"DP World Tour Championship, Dubai",2019095,no,no
pga,2019,2019-11-17,Mayakoba Golf Classic,457,no,basic
euro,2019,2019-11-17,Nedbank Golf Challenge hosted by Gary Player,2019094,no,no
euro,2019,2019-11-10,Turkish Airlines Open,2019093,no,no
pga,2019,2019-11-03,World Golf Championships-HSBC Champions,489,no,basic
pga,2019,2019-11-03,Bermuda Championship,528,no,basic
euro,2019,2019-10-27,Portugal Masters,2019090,no,no
pga,2019,2019-10-27,ZOZO CHAMPIONSHIP,527,no,basic
euro,2019,2019-10-20,Amundi Open de France,2019088,no,no
pga,2019,2019-10-20,THE CJ CUP @ NINE BRIDGES,521,no,basic
pga,2019,2019-10-13,Houston Open,20,yes,yes
euro,2019,2019-10-13,Italian Open,2019086,no,no
pga,2019,2019-10-06,Shriners Hospitals for Children Open,47,yes,yes
euro,2019,2019-10-06,Mutuactivos Open de España,2019084,no,no
euro,2019,2019-09-29,Alfred Dunhill Links Championship,2019082,no,no
pga,2019,2019-09-29,Safeway Open,464,yes,yes
pga,2019,2019-09-22,Sanderson Farms Championship,54,yes,yes
euro,2019,2019-09-22,BMW PGA Championship,2019080,no,no
pga,2019,2019-09-15,A Military Tribute at The Greenbrier,490,yes,yes
euro,2019,2019-09-15,KLM Open,2019078,no,no
euro,2019,2019-09-08,Porsche European Open,2019076,no,no
kft,2019,2019-09-02,Korn Ferry Tour Championship presented by United Leasing & Finance,45,no,no
euro,2019,2019-09-01,Omega European Masters,2019074,no,no
euro,2019,2019-08-25,Scandinavian Invitation,2019072,no,no
pga,2019,2019-08-25,TOUR Championship,60,yes,yes
kft,2019,2019-08-25,Albertsons Boise Open presented by Kraft Nabisco,27,no,no
kft,2019,2019-08-18,Nationwide Children's Hospital Championship,94,no,no
euro,2019,2019-08-18,D+D Real Czech Masters,2019070,no,no
pga,2019,2019-08-18,BMW Championship,28,yes,yes
pga,2019,2019-08-11,THE NORTHERN TRUST,27,yes,yes
kft,2019,2019-08-11,WinCo Foods Portland Open presented by KraftHeinz,111,no,no
pga,2019,2019-08-04,Wyndham Championship,13,yes,yes
kft,2019,2019-08-04,Ellie Mae Classic at TPC Stonebrae,99,no,no
kft,2019,2019-07-28,Price Cutter Charity Championship presented by Dr Pepper,22,no,no
pga,2019,2019-07-28,Barracuda Championship,472,yes,basic
pga,2019,2019-07-28,World Golf Championships-FedEx St. Jude Invitational,476,yes,yes
pga,2019,2019-07-21,Barbasol Championship,518,yes,yes
pga,2019,2019-07-21,The Open Championship,100,no,basic
kft,2019,2019-07-21,Pinnacle Bank Championship presented by Chevrolet,123,no,no
pga,2019,2019-07-14,John Deere Classic,30,yes,yes
kft,2019,2019-07-14,TPC Colorado Championship at Heron Lakes,130,no,no
euro,2019,2019-07-14,Aberdeen Standard Investments Scottish Open,2019060,no,no
kft,2019,2019-07-07,LECOM Health Challenge,118,no,no
euro,2019,2019-07-07,Dubai Duty Free Irish Open,2019058,no,no
pga,2019,2019-07-07,3M Open,525,yes,yes
euro,2019,2019-06-30,Estrella Damm N.A. Andalucía Masters hosted by the Sergio Garcia Foundation,2019056,no,no
kft,2019,2019-06-30,Utah Championship presented by Zions Bank,26,no,no
pga,2019,2019-06-30,Rocket Mortgage Classic,524,yes,yes
euro,2019,2019-06-23,BMW International Open,2019054,no,no
kft,2019,2019-06-23,Wichita Open Supporting Wichita's Youth,23,no,no
pga,2019,2019-06-23,Travelers Championship,34,yes,yes
pga,2019,2019-06-16,U.S. Open,26,yes,yes
kft,2019,2019-06-16,Lincoln Land Championship presented by LRS,122,no,no
pga,2019,2019-06-09,RBC Canadian Open,32,yes,yes
kft,2019,2019-06-09,BMW Charity Pro-Am presented by SYNNEX Corporation,37,no,no
kft,2019,2019-06-02,REX Hospital Open,48,no,no
euro,2019,2019-06-02,Belgian Knockout,2019048,no,no
pga,2019,2019-06-02,the Memorial Tournament presented by Nationwide,23,yes,yes
pga,2019,2019-05-26,Charles Schwab Challenge,21,yes,yes
euro,2019,2019-05-26,Made in Denmark presented by FREJA,2019046,no,no
kft,2019,2019-05-26,Evans Scholars Invitational,131,no,no
kft,2019,2019-05-19,Knoxville Open,11,no,no
pga,2019,2019-05-19,PGA Championship,33,yes,yes
kft,2019,2019-05-12,KC Golf Classic,100,no,no
euro,2019,2019-05-12,Betfred British Masters,2019042,no,no
pga,2019,2019-05-12,AT&T Byron Nelson,19,yes,yes
pga,2019,2019-05-05,Wells Fargo Championship,480,yes,yes
euro,2019,2019-05-05,Volvo China Open,2019040,no,no
kft,2019,2019-05-05,Nashville Golf Open Benefitting the Snedeker Foundation,120,no,no
kft,2019,2019-04-28,Dormie Network Classic at Briggs Ranch,132,no,no
euro,2019,2019-04-28,Trophee Hassan II,2019038,no,no
pga,2019,2019-04-21,RBC Heritage,12,yes,yes
kft,2019,2019-04-21,Robert Trent Jones Golf Trail Championship,133,no,no
pga,2019,2019-04-14,The Masters,14,no,no
pga,2019,2019-04-07,Valero Texas Open,41,yes,yes
pga,2019,2019-03-31,Corales Puntacana Resort & Club Championship,522,no,basic
kft,2019,2019-03-31,Savannah Golf Championship,128,no,no
euro,2019,2019-03-31,Hero Indian Open,2019031,no,no
euro,2019,2019-03-24,Maybank Championship,2019028,no,no
kft,2019,2019-03-24,Chitimacha Louisiana Open presented by MISTRAS,36,no,no
pga,2019,2019-03-24,Valspar Championship,475,yes,yes
pga,2019,2019-03-17,THE PLAYERS Championship,11,yes,yes
euro,2019,2019-03-17,Magical Kenya Open presented by Absa,2019026,no,no
pga,2019,2019-03-10,Arnold Palmer Invitational presented by Mastercard,9,yes,yes
euro,2019,2019-03-10,Commercial Bank Qatar Masters,2019024,no,no
euro,2019,2019-03-03,Oman Open,2019022,no,no
pga,2019,2019-03-03,The Honda Classic,10,yes,yes
pga,2019,2019-02-24,Puerto Rico Open,483,no,basic
pga,2019,2019-02-24,World Golf Championships-Mexico Championship,473,yes,yes
pga,2019,2019-02-17,Genesis Open,7,yes,yes
kft,2019,2019-02-17,LECOM Suncoast Classic,129,no,no
euro,2019,2019-02-17,ISPS Handa World Super 6 Perth,2019018,no,no
euro,2019,2019-02-10,ISPS Handa Vic Open,2019016,no,no
kft,2019,2019-02-10,Panama Championship,84,no,no
pga,2019,2019-02-10,AT&T Pebble Beach Pro-Am,5,partial,partial
euro,2019,2019-02-03,Saudi International powered by SBIA,2019014,no,no
kft,2019,2019-02-03,Country Club de Bogota Championship,104,no,no
pga,2019,2019-02-03,Waste Management Phoenix Open,3,yes,yes
euro,2019,2019-01-27,Omega Dubai Desert Classic,2019012,no,no
pga,2019,2019-01-27,Farmers Insurance Open,4,partial,partial
kft,2019,2019-01-23,The Bahamas Great Abaco Classic at The Abaco Club,125,no,no
pga,2019,2019-01-20,Desert Classic,2,partial,partial
euro,2019,2019-01-19,Abu Dhabi HSBC Championship presented by EGA,2019010,no,no
kft,2019,2019-01-16,The Bahamas Great Exuma Classic at Sandals Emerald Bay,124,no,no
pga,2019,2019-01-13,Sony Open in Hawaii,6,yes,yes
pga,2019,2019-01-06,Sentry Tournament of Champions,16,yes,yes
euro,2018,2018-12-16,Alfred Dunhill Championship,2019006,no,no
euro,2018,2018-12-09,South African Open hosted by the City of Johannesburg,2019004,no,no
pga,2018,2018-12-02,Hero World Challenge,478,no,basic
euro,2018,2018-12-02,Australian PGA Championship,2019002,no,no
euro,2018,2018-12-02,Afrasia Bank Mauritius Open at Anahita,2019003,no,no
euro,2018,2018-11-25,Honma Hong Kong Open presented by Amundi,2019000,no,no
pga,2018,2018-11-18,The RSM Classic,493,partial,partial
euro,2018,2018-11-18,"DP World Tour Championship, Dubai",2018090,no,no
pga,2018,2018-11-11,Mayakoba Golf Classic,457,no,basic
euro,2018,2018-11-11,Nedbank Golf Challenge hosted by Gary Player,2018089,no,no
pga,2018,2018-11-04,Shriners Hospitals for Children Open,47,yes,yes
euro,2018,2018-11-04,Turkish Airlines Open,2018088,no,no
pga,2018,2018-10-28,Sanderson Farms Championship,54,yes,yes
pga,2018,2018-10-28,World Golf Championships-HSBC Champions,489,no,basic
pga,2018,2018-10-21,THE CJ CUP @ NINE BRIDGES,521,no,basic
euro,2018,2018-10-21,Andalucia Valderrama Masters hosted by the Sergio Garcia Foundation,2018084,no,no
pga,2018,2018-10-14,CIMB Classic,494,no,basic
euro,2018,2018-10-14,Sky Sports British Masters,2018082,no,no
euro,2018,2018-10-07,Alfred Dunhill Links Championship,2018080,no,no
pga,2018,2018-10-07,Safeway Open,464,yes,yes
euro,2018,2018-09-23,Portugal Masters,2018078,no,no
pga,2018,2018-09-23,TOUR Championship,60,yes,yes
kft,2018,2018-09-20,Web.com Tour Championship,45,no,no
euro,2018,2018-09-16,KLM Open,2018076,no,no
kft,2018,2018-09-13,Albertsons Boise Open presented by Kraft Nabisco,27,no,no
euro,2018,2018-09-09,Omega European Masters,2018074,no,no
pga,2018,2018-09-09,BMW Championship,28,yes,yes
pga,2018,2018-09-03,Dell Technologies Championship,505,yes,yes
euro,2018,2018-09-02,Made In Denmark,2018072,no,no
kft,2018,2018-08-30,DAP Championship presented by NewBrick,119,no,no
euro,2018,2018-08-26,D+D Real Czech Masters,2018070,no,no
pga,2018,2018-08-26,THE NORTHERN TRUST,27,yes,yes
kft,2018,2018-08-23,Nationwide Children's Hospital Championship,94,no,no
euro,2018,2018-08-19,Nordea Masters,2018068,no,no
pga,2018,2018-08-19,Wyndham Championship,13,yes,yes
kft,2018,2018-08-16,WinCo Foods Portland Open presented by Kraft-Heinz,111,no,no
pga,2018,2018-08-12,PGA Championship,33,yes,yes
kft,2018,2018-08-09,Ellie Mae Classic at TPC Stonebrae,99,no,no
pga,2018,2018-08-05,World Golf Championships-Bridgestone Invitational,476,yes,yes
euro,2018,2018-08-05,Fiji International presented by Fiji Airways,2018065,no,no
kft,2018,2018-08-02,KC Golf Classic,100,no,no
pga,2018,2018-07-29,RBC Canadian Open,32,yes,yes
euro,2018,2018-07-29,Porsche European Open,2018062,no,no
kft,2018,2018-07-26,Price Cutter Charity Championship presented by Dr Pepper,22,no,no
pga,2018,2018-07-22,The Open Championship,100,no,no
pga,2018,2018-07-22,Barbasol Championship,518,yes,yes
kft,2018,2018-07-19,Pinnacle Bank Championship presented by Heartland Chevy Dealers,123,no,no
kft,2018,2018-07-15,Utah Championship presented by Zions Bank,26,no,no
pga,2018,2018-07-15,John Deere Classic,30,yes,yes
euro,2018,2018-07-15,Aberdeen Standard Investments Scottish Open,2018058,no,no
pga,2018,2018-07-08,A Military Tribute at The Greenbrier,490,yes,yes
euro,2018,2018-07-08,Dubai Duty Free Irish Open hosted by the Rory Foundation,2018056,no,no
kft,2018,2018-07-08,LECOM Health Challenge,118,no,no
kft,2018,2018-07-01,Lincoln Land Championship presented by LRS,122,no,no
pga,2018,2018-07-01,Quicken Loans National,471,yes,yes
euro,2018,2018-07-01,HNA Open de France,2018054,no,no
pga,2018,2018-06-24,Travelers Championship,34,yes,yes
euro,2018,2018-06-24,BMW International Open,2018052,no,no
kft,2018,2018-06-24,Wichita Open Supporting Wichita's Youth,23,no,no
pga,2018,2018-06-17,U.S. Open,26,no,no
euro,2018,2018-06-10,Shot Clock Masters,2018048,no,no
pga,2018,2018-06-10,FedEx St. Jude Classic,25,yes,yes
kft,2018,2018-06-10,Rust-Oleum Championship,112,no,no
kft,2018,2018-06-03,Rex Hospital Open,48,no,no
euro,2018,2018-06-03,Italian Open,2018046,no,no
pga,2018,2018-06-03,the Memorial Tournament presented by Nationwide,23,yes,yes
pga,2018,2018-05-27,Fort Worth Invitational,21,yes,yes
euro,2018,2018-05-27,BMW PGA Championship,2018044,no,no
kft,2018,2018-05-27,Nashville Golf Open Benefitting the Snedeker Foundation,120,no,no
euro,2018,2018-05-20,Belgian Knockout,2018042,no,no
kft,2018,2018-05-20,BMW Charity Pro-Am presented by SYNNEX Corporation,37,no,no
pga,2018,2018-05-20,AT&T Byron Nelson,19,yes,yes
pga,2018,2018-05-13,THE PLAYERS Championship,11,yes,yes
kft,2018,2018-05-13,Knoxville Open,11,no,no
euro,2018,2018-05-13,Rocco Forte Sicilian Open,2018040,no,no
pga,2018,2018-05-06,Wells Fargo Championship,480,yes,yes
kft,2018,2018-04-29,United Leasing & Finance Championship,106,no,no
euro,2018,2018-04-29,Volvo China Open,2018036,no,no
kft,2018,2018-04-22,North Mississippi Classic,127,no,no
pga,2018,2018-04-22,Valero Texas Open,41,yes,yes
euro,2018,2018-04-22,Trophee Hassan II,2018034,no,no
pga,2018,2018-04-15,RBC Heritage,12,yes,yes
euro,2018,2018-04-15,Open de España,2018032,no,no
pga,2018,2018-04-08,Masters Tournament,14,no,no
kft,2018,2018-04-01,Savannah Golf Championship,128,no,no
pga,2018,2018-04-01,Houston Open,20,yes,yes
kft,2018,2018-03-25,Chitimacha Louisiana Open presented by NACHER,36,no,no
pga,2018,2018-03-25,Corales Puntacana Resort & Club Championship,522,no,basic
pga,2018,2018-03-18,Arnold Palmer Invitational presented by Mastercard,9,yes,yes
euro,2018,2018-03-11,Hero Indian Open,2018022,no,no
pga,2018,2018-03-11,Valspar Championship,475,yes,yes
kft,2018,2018-03-11,El Bosque Mexico Championship by Innova,95,no,no
pga,2018,2018-03-04,World Golf Championships-Mexico Championship,473,yes,yes
euro,2018,2018-03-04,Tshwane Open,2018021,no,no
pga,2018,2018-02-25,The Honda Classic,10,yes,yes
euro,2018,2018-02-25,Commercial Bank Qatar Masters,2018018,no,no
euro,2018,2018-02-18,NBO Oman Open,2018016,no,no
pga,2018,2018-02-18,Genesis Open,7,yes,yes
kft,2018,2018-02-11,Club Colombia Championship,104,no,no
pga,2018,2018-02-11,AT&T Pebble Beach Pro-Am,5,partial,partial
kft,2018,2018-02-04,Panama Championship,84,no,no
pga,2018,2018-02-04,Waste Management Phoenix Open,3,yes,yes
euro,2018,2018-02-04,Maybank Championship,2018012,no,no
pga,2018,2018-01-28,Farmers Insurance Open,4,partial,partial
euro,2018,2018-01-28,Omega Dubai Desert Classic,2018010,no,no
kft,2018,2018-01-24,The Bahamas Great Abaco Classic at The Abaco Club,125,no,no
euro,2018,2018-01-21,Abu Dhabi HSBC Championship presented by EGA,2018008,no,no
pga,2018,2018-01-21,CareerBuilder Challenge,2,partial,partial
kft,2018,2018-01-16,The Bahamas Great Exuma Classic at Sandals Emerald Bay,124,no,no
euro,2018,2018-01-14,BMW SA Open hosted by the City of Ekurhuleni,2018004,no,no
pga,2018,2018-01-14,Sony Open in Hawaii,6,yes,yes
pga,2018,2018-01-07,Sentry Tournament of Champions,16,yes,yes
euro,2017,2017-12-10,Joburg Open,2017098,no,no
pga,2017,2017-12-03,Hero World Challenge,478,no,basic
euro,2017,2017-12-03,Australian PGA Championship,2017096,no,no
euro,2017,2017-12-03,AfrAsia Bank Mauritius Open,2017097,no,no
euro,2017,2017-11-26,UBS Hong Kong Open,2017095,no,no
pga,2017,2017-11-19,The RSM Classic,493,partial,partial
euro,2017,2017-11-19,"DP World Tour Championship, Dubai",2017094,no,no
euro,2017,2017-11-12,Nedbank Golf Challenge hosted by Gary Player,2017092,no,no
pga,2017,2017-11-12,OHL Classic at Mayakoba,457,no,basic
pga,2017,2017-11-05,Shriners Hospitals for Children Open,47,yes,yes
euro,2017,2017-11-05,Turkish Airlines Open,2017090,no,no
pga,2017,2017-10-29,World Golf Championships-HSBC Champions,489,no,basic
pga,2017,2017-10-29,Sanderson Farms Championship,54,yes,yes
euro,2017,2017-10-22,Andalucia Valderrama Masters hosted by the Sergio Garcia Foundation,2017086,no,no
pga,2017,2017-10-22,THE CJ CUP @ NINE BRIDGES,521,no,basic
pga,2017,2017-10-15,CIMB Classic,494,no,basic
euro,2017,2017-10-15,Italian Open,2017084,no,no
euro,2017,2017-10-08,Alfred Dunhill Links Championship,2017082,no,no
pga,2017,2017-10-08,Safeway Open,464,yes,yes
kft,2017,2017-10-01,Web.com Tour Championship,45,no,no
euro,2017,2017-10-01,British Masters supported by Sky Sports,2017080,no,no
euro,2017,2017-09-24,Portugal Masters,2017078,no,no
pga,2017,2017-09-24,TOUR Championship,60,yes,yes
kft,2017,2017-09-24,DAP Championship,119,no,no
euro,2017,2017-09-17,KLM Open,2017076,no,no
pga,2017,2017-09-17,BMW Championship,28,yes,yes
kft,2017,2017-09-17,Albertsons Boise Open presented by Kraft Nabisco,27,no,no
euro,2017,2017-09-10,Omega European Masters,2017074,no,no
pga,2017,2017-09-04,Dell Technologies Championship,505,yes,yes
kft,2017,2017-09-03,Nationwide Children's Hospital Championship,94,no,no
euro,2017,2017-09-03,D+D REAL Czech Masters,2017072,no,no
kft,2017,2017-08-27,WinCo Foods Portland Open presented by Kraft-Heinz,111,no,no
euro,2017,2017-08-27,Made In Denmark,2017070,no,no
pga,2017,2017-08-27,THE NORTHERN TRUST,27,yes,yes
kft,2017,2017-08-20,News Sentinel Open presented by Pilot,11,no,no
euro,2017,2017-08-20,Fiji International,2017068,no,no
pga,2017,2017-08-20,Wyndham Championship,13,yes,yes
kft,2017,2017-08-13,Price Cutter Charity Championship presented by Dr Pepper,22,no,no
pga,2017,2017-08-13,PGA Championship,33,yes,yes
pga,2017,2017-08-06,World Golf Championships-Bridgestone Invitational,476,yes,yes
kft,2017,2017-08-06,Ellie Mae Classic at TPC Stonebrae,99,no,no
pga,2017,2017-07-30,RBC Canadian Open,32,yes,yes
kft,2017,2017-07-30,Digital Ally Open,100,no,no
euro,2017,2017-07-30,Porsche European Open,2017060,no,no
pga,2017,2017-07-23,Barbasol Championship,518,yes,yes
kft,2017,2017-07-23,Pinnacle Bank Championship presented by Heartland Chevy Dealers,123,no,no
pga,2017,2017-07-23,The Open Championship,100,no,no
euro,2017,2017-07-16,Aberdeen Asset Management Scottish Open,2017056,no,no
kft,2017,2017-07-16,Utah Championship presented by Zions Bank,26,no,no
pga,2017,2017-07-16,John Deere Classic,30,yes,yes
euro,2017,2017-07-09,Dubai Duty Free Irish Open hosted by the Rory Foundation,2017054,no,no
pga,2017,2017-07-09,The Greenbrier Classic,490,yes,yes
kft,2017,2017-07-09,LECOM Health Challenge,118,no,no
euro,2017,2017-07-02,HNA Open de France,2017052,no,no
pga,2017,2017-07-02,Quicken Loans National,471,yes,yes
kft,2017,2017-07-02,Nashville Golf Open Benefitting the Snedeker Foundation,120,no,no
euro,2017,2017-06-25,BMW International Open,2017050,no,no
kft,2017,2017-06-25,Lincoln Land Charity Championship,122,no,no
pga,2017,2017-06-25,Travelers Championship,34,yes,yes
kft,2017,2017-06-18,Air Capital Classic Supporting Wichita's Youth,23,no,no
pga,2017,2017-06-18,U.S. Open,26,no,no
pga,2017,2017-06-11,FedEx St. Jude Classic,25,yes,yes
kft,2017,2017-06-11,Rust-Oleum Championship,112,no,no
euro,2017,2017-06-11,LYONESS OPEN powered by ORGANIC+,2017046,no,no
pga,2017,2017-06-04,the Memorial Tournament presented by Nationwide,23,yes,yes
kft,2017,2017-06-04,Rex Hospital Open,48,no,no
euro,2017,2017-06-04,Nordea Masters,2017044,no,no
euro,2017,2017-05-28,BMW PGA Championship,2017042,no,no
pga,2017,2017-05-28,DEAN & DELUCA Invitational,21,yes,yes
euro,2017,2017-05-21,"Rocco Forte Open - Verdura, Sicily",2017040,no,no
pga,2017,2017-05-21,AT&T Byron Nelson,19,yes,yes
kft,2017,2017-05-21,BMW Charity Pro-Am presented by SYNNEX Corporation,37,no,no
euro,2017,2017-05-14,Open de Portugal at Morgado Golf Resort,2017038,no,no
pga,2017,2017-05-14,THE PLAYERS Championship,11,yes,yes
kft,2017,2017-05-07,Corales Puntacana Resort and Club Championship,117,no,no
pga,2017,2017-05-07,Wells Fargo Championship,480,yes,yes
kft,2017,2017-04-30,El Bosque Mexico Championship by Innova,95,no,no
euro,2017,2017-04-30,Volvo China Open,2017034,no,no
pga,2017,2017-04-23,Valero Texas Open,41,yes,yes
euro,2017,2017-04-23,Shenzhen International,2017032,no,no
kft,2017,2017-04-23,United Leasing & Finance Championship,106,no,no
pga,2017,2017-04-16,RBC Heritage,12,yes,yes
euro,2017,2017-04-16,Trophee Hassan II,2017030,no,no
pga,2017,2017-04-09,Masters Tournament,14,no,no
pga,2017,2017-04-02,Shell Houston Open,20,yes,yes
kft,2017,2017-03-26,Chitimacha Louisiana Open presented by NACHER,36,no,no
pga,2017,2017-03-26,Puerto Rico Open,483,no,basic
pga,2017,2017-03-19,Arnold Palmer Invitational presented by Mastercard,9,yes,yes
pga,2017,2017-03-12,Valspar Championship,475,yes,yes
euro,2017,2017-03-12,Hero Indian Open,2017020,no,no
euro,2017,2017-03-05,Tshwane Open,2017018,no,no
pga,2017,2017-03-05,World Golf Championships-Mexico Championship,473,yes,yes
pga,2017,2017-02-26,The Honda Classic,10,yes,yes
euro,2017,2017-02-26,Joburg Open,2017014,no,no
kft,2017,2017-02-19,Panama Claro Championship,84,no,no
pga,2017,2017-02-19,Genesis Open,7,yes,yes
kft,2017,2017-02-12,Club Colombia Championship by Servientrega,104,no,no
euro,2017,2017-02-12,Maybank Championship,2017010,no,no
pga,2017,2017-02-12,AT&T Pebble Beach Pro-Am,5,partial,partial
euro,2017,2017-02-05,Omega Dubai Desert Classic,2017008,no,no
pga,2017,2017-02-05,Waste Management Phoenix Open,3,yes,yes
euro,2017,2017-01-29,Commercial Bank Qatar Masters,2017006,no,no
pga,2017,2017-01-29,Farmers Insurance Open,4,partial,partial
kft,2017,2017-01-25,The Bahamas Great Abaco Classic at The Abaco Club,125,no,no
pga,2017,2017-01-22,CareerBuilder Challenge,2,partial,partial
euro,2017,2017-01-22,Abu Dhabi HSBC Championship,2017004,no,no
pga,2017,2017-01-15,Sony Open in Hawaii,6,yes,yes
euro,2017,2017-01-15,BMW SA Open hosted by City of Ekurhuleni,2017002,no,no
kft,2017,2017-01-11,The Bahamas Great Exuma Classic at Sandals Emerald Bay,124,no,no
pga,2017,2017-01-08,SBS Tournament of Champions,16,yes,yes
